{"url": "https://www.cdm.depaul.edu/Faculty-and-Staff/Pages/faculty-info.aspx?fid=1228", "dept": "CDM", "name": "Ugochi Acholonu", "imgurl": "https://odata.cdm.depaul.edu/Cdm.svc/CdmEmployeePictures(942664)/MediumPicture/$value", "title": "Lecturer"}
{"url": "https://www.cdm.depaul.edu/Faculty-and-Staff/Pages/faculty-info.aspx?fid=1231", "dept": "CDM", "name": "Gregory Acierto", "imgurl": "https://odata.cdm.depaul.edu/Cdm.svc/CdmEmployeePictures(266378)/MediumPicture/$value", "title": "Lecturer"}
{"url": "https://www.cdm.depaul.edu/Faculty-and-Staff/Pages/faculty-info.aspx?fid=193", "dept": "SoC", "name": "Olayele Adelakun", "imgurl": "https://odata.cdm.depaul.edu/Cdm.svc/CdmEmployeePictures(3096)/MediumPicture/$value", "title": "Associate Professor"}
{"url": "https://www.cdm.depaul.edu/Faculty-and-Staff/Pages/faculty-info.aspx?fid=538", "dept": "CDM", "name": "Mopelola Adelakun", "imgurl": "https://odata.cdm.depaul.edu/Cdm.svc/CdmEmployeePictures(3671)/MediumPicture/$value", "title": "Lecturer"}
{"url": "https://www.cdm.depaul.edu/Faculty-and-Staff/Pages/faculty-info.aspx?fid=1015", "dept": "SoD", "name": "Shiro Akiyoshi", "imgurl": "https://odata.cdm.depaul.edu/Cdm.svc/CdmEmployeePictures(298716)/MediumPicture/$value", "title": "Associate Professor"}
{"url": "https://www.cdm.depaul.edu/Faculty-and-Staff/Pages/faculty-info.aspx?fid=1221", "dept": "CDM", "name": "Imad Hasan Abdallah Al Ajarmeh", "imgurl": "https://odata.cdm.depaul.edu/Cdm.svc/CdmEmployeePictures(83251)/MediumPicture/$value", "title": "Lecturer"}
{"url": "https://www.cdm.depaul.edu/Faculty-and-Staff/Pages/faculty-info.aspx?fid=1185", "dept": "CDM", "name": "Laurie Alfaro", "imgurl": "https://odata.cdm.depaul.edu/Cdm.svc/CdmEmployeePictures(101482)/MediumPicture/$value", "title": "Lecturer"}
{"url": "https://www.cdm.depaul.edu/Faculty-and-Staff/Pages/faculty-info.aspx?fid=111", "dept": "CDM", "name": "Edward Allemand", "imgurl": "https://odata.cdm.depaul.edu/Cdm.svc/CdmEmployeePictures(188897)/MediumPicture/$value", "title": "Professor Emeritus"}
{"url": "https://www.cdm.depaul.edu/Faculty-and-Staff/Pages/faculty-info.aspx?fid=1323", "dept": "CDM", "name": "Pamela Anderson", "imgurl": "https://odata.cdm.depaul.edu/Cdm.svc/CdmEmployeePictures(663404)/MediumPicture/$value", "title": "Lecturer"}
{"url": "https://www.cdm.depaul.edu/Faculty-and-Staff/Pages/faculty-info.aspx?fid=123", "dept": "SoC", "name": "Gary Andrus", "imgurl": "https://odata.cdm.depaul.edu/Cdm.svc/CdmEmployeePictures(299522)/MediumPicture/$value", "title": "Professor Emeritus"}
{"url": "https://www.cdm.depaul.edu/Faculty-and-Staff/Pages/faculty-info.aspx?fid=586", "dept": "CDM", "name": "Emilia Apostolova", "imgurl": "https://odata.cdm.depaul.edu/Cdm.svc/CdmEmployeePictures(72730)/MediumPicture/$value", "title": "Lecturer"}
{"url": "https://www.cdm.depaul.edu/Faculty-and-Staff/Pages/faculty-info.aspx?fid=386", "dept": "CDM", "name": "Victor Aronovich", "imgurl": "https://odata.cdm.depaul.edu/Cdm.svc/CdmEmployeePictures(531375)/MediumPicture/$value", "title": "Lecturer"}
{"url": "https://www.cdm.depaul.edu/Faculty-and-Staff/Pages/faculty-info.aspx?fid=996", "dept": "SCA", "name": "Meghann Artes", "imgurl": "https://odata.cdm.depaul.edu/Cdm.svc/CdmEmployeePictures(779480)/MediumPicture/$value", "title": "Assistant Professor"}
{"url": "https://www.cdm.depaul.edu/Faculty-and-Staff/Pages/faculty-info.aspx?fid=1249", "dept": "CDM", "name": "Heather Ash", "imgurl": "https://odata.cdm.depaul.edu/Cdm.svc/CdmEmployeePictures(1031619)/MediumPicture/$value", "title": "Lecturer"}
{"url": "https://www.cdm.depaul.edu/Faculty-and-Staff/Pages/faculty-info.aspx?fid=1321", "dept": "CDM", "name": "Brad Ashmore", "imgurl": "https://odata.cdm.depaul.edu/Cdm.svc/CdmEmployeePictures(1118976)/MediumPicture/$value", "title": "Lecturer"}
{"url": "https://www.cdm.depaul.edu/Faculty-and-Staff/Pages/faculty-info.aspx?fid=531", "dept": "CDM", "name": "Eugene Backlin", "imgurl": "https://odata.cdm.depaul.edu/Cdm.svc/CdmEmployeePictures(175845)/MediumPicture/$value", "title": "Lecturer"}
{"url": "https://www.cdm.depaul.edu/Faculty-and-Staff/Pages/faculty-info.aspx?fid=259", "dept": "CDM", "name": "Atef Bader", "imgurl": "https://odata.cdm.depaul.edu/Cdm.svc/CdmEmployeePictures(359814)/MediumPicture/$value", "title": "Lecturer"}
{"url": "https://www.cdm.depaul.edu/Faculty-and-Staff/Pages/faculty-info.aspx?fid=1239", "dept": "CDM", "name": "Irv Badr", "imgurl": "https://odata.cdm.depaul.edu/Cdm.svc/CdmEmployeePictures(1018047)/MediumPicture/$value", "title": "Lecturer"}
{"url": "https://www.cdm.depaul.edu/Faculty-and-Staff/Pages/faculty-info.aspx?fid=1264", "dept": "CDM", "name": "JJ Bakken", "imgurl": "https://odata.cdm.depaul.edu/Cdm.svc/CdmEmployeePictures(121023)/MediumPicture/$value", "title": "Lecturer"}
{"url": "https://www.cdm.depaul.edu/Faculty-and-Staff/Pages/faculty-info.aspx?fid=1201", "dept": "CDM", "name": "Sunni Barbera", "imgurl": "https://odata.cdm.depaul.edu/Cdm.svc/CdmEmployeePictures(124444)/MediumPicture/$value", "title": "Lecturer"}
{"url": "https://www.cdm.depaul.edu/Faculty-and-Staff/Pages/faculty-info.aspx?fid=444", "dept": "SCA", "name": "Lisa Barcy", "imgurl": "https://odata.cdm.depaul.edu/Cdm.svc/CdmEmployeePictures(103962)/MediumPicture/$value", "title": "Professional Lecturer "}
{"url": "https://www.cdm.depaul.edu/Faculty-and-Staff/Pages/faculty-info.aspx?fid=1219", "dept": "CDM", "name": "Alison Baron", "imgurl": "https://odata.cdm.depaul.edu/Cdm.svc/CdmEmployeePictures(979209)/MediumPicture/$value", "title": "Lecturer"}
{"url": "https://www.cdm.depaul.edu/Faculty-and-Staff/Pages/faculty-info.aspx?fid=1050", "dept": "CDM", "name": "Sal Barry", "imgurl": "https://odata.cdm.depaul.edu/Cdm.svc/CdmEmployeePictures(699968)/MediumPicture/$value", "title": "Lecturer"}
{"url": "https://www.cdm.depaul.edu/Faculty-and-Staff/Pages/faculty-info.aspx?fid=1208", "dept": "CDM", "name": "Chris Bartholomew", "imgurl": "https://odata.cdm.depaul.edu/Cdm.svc/CdmEmployeePictures(138816)/MediumPicture/$value", "title": "Lecturer"}
{"url": "https://www.cdm.depaul.edu/Faculty-and-Staff/Pages/faculty-info.aspx?fid=1176", "dept": "CDM", "name": "Dayna Bateman", "imgurl": "https://odata.cdm.depaul.edu/Cdm.svc/CdmEmployeePictures(425362)/MediumPicture/$value", "title": "Lecturer"}
{"url": "https://www.cdm.depaul.edu/Faculty-and-Staff/Pages/faculty-info.aspx?fid=1324", "dept": "CDM", "name": "Merri Beckfield", "imgurl": "https://odata.cdm.depaul.edu/Cdm.svc/CdmEmployeePictures(1119102)/MediumPicture/$value", "title": "Lecturer"}
{"url": "https://www.cdm.depaul.edu/Faculty-and-Staff/Pages/faculty-info.aspx?fid=134", "dept": "CDM", "name": "Paul Bedell", "imgurl": "https://odata.cdm.depaul.edu/Cdm.svc/CdmEmployeePictures(233080)/MediumPicture/$value", "title": "Lecturer"}
{"url": "https://www.cdm.depaul.edu/Faculty-and-Staff/Pages/faculty-info.aspx?fid=1286", "dept": "CDM", "name": "Carl Beien", "imgurl": "https://odata.cdm.depaul.edu/Cdm.svc/CdmEmployeePictures(1078203)/MediumPicture/$value", "title": "Lecturer"}
{"url": "https://www.cdm.depaul.edu/Faculty-and-Staff/Pages/faculty-info.aspx?fid=994", "dept": "SCA", "name": "Devin Bell", "imgurl": "https://odata.cdm.depaul.edu/Cdm.svc/CdmEmployeePictures(776099)/MediumPicture/$value", "title": "Assistant Professor"}
{"url": "https://www.cdm.depaul.edu/Faculty-and-Staff/Pages/faculty-info.aspx?fid=601", "dept": "CDM", "name": "Joel Benjamin", "imgurl": "https://odata.cdm.depaul.edu/Cdm.svc/CdmEmployeePictures(745356)/MediumPicture/$value", "title": "Lecturer"}
{"url": "https://www.cdm.depaul.edu/Faculty-and-Staff/Pages/faculty-info.aspx?fid=1159", "dept": "CDM", "name": "Elizabeth Benker", "imgurl": "https://odata.cdm.depaul.edu/Cdm.svc/CdmEmployeePictures(365070)/MediumPicture/$value", "title": "Lecturer"}
{"url": "https://www.cdm.depaul.edu/Faculty-and-Staff/Pages/faculty-info.aspx?fid=1282", "dept": "CDM", "name": "David Berg", "imgurl": "https://odata.cdm.depaul.edu/Cdm.svc/CdmEmployeePictures(786755)/MediumPicture/$value", "title": "Lecturer"}
{"url": "https://www.cdm.depaul.edu/Faculty-and-Staff/Pages/faculty-info.aspx?fid=114", "dept": "CDM", "name": "Karen Bernstein", "imgurl": "https://odata.cdm.depaul.edu/Cdm.svc/CdmEmployeePictures(221619)/MediumPicture/$value", "title": "Adjunct Professor"}
{"url": "https://www.cdm.depaul.edu/Faculty-and-Staff/Pages/faculty-info.aspx?fid=574", "dept": "CDM", "name": "Martin Bernstein", "imgurl": "https://odata.cdm.depaul.edu/Cdm.svc/CdmEmployeePictures(732935)/MediumPicture/$value", "title": "Lecturer"}
{"url": "https://www.cdm.depaul.edu/Faculty-and-Staff/Pages/faculty-info.aspx?fid=138", "dept": "SoC", "name": "Andre Berthiaume", "imgurl": "https://odata.cdm.depaul.edu/Cdm.svc/CdmEmployeePictures(297911)/MediumPicture/$value", "title": "Associate Professor"}
{"url": "https://www.cdm.depaul.edu/Faculty-and-Staff/Pages/faculty-info.aspx?fid=274", "dept": "SoC", "name": "GianMario Besana", "imgurl": "https://odata.cdm.depaul.edu/Cdm.svc/CdmEmployeePictures(366408)/MediumPicture/$value", "title": "Professor"}
{"url": "https://www.cdm.depaul.edu/Faculty-and-Staff/Pages/faculty-info.aspx?fid=1019", "dept": "SCA", "name": "Peter Biagi", "imgurl": "https://odata.cdm.depaul.edu/Cdm.svc/CdmEmployeePictures(844214)/MediumPicture/$value", "title": "Cinematographer in Residence"}
{"url": "https://www.cdm.depaul.edu/Faculty-and-Staff/Pages/faculty-info.aspx?fid=600", "dept": "CDM", "name": "James Bowler", "imgurl": "https://odata.cdm.depaul.edu/Cdm.svc/CdmEmployeePictures(169549)/MediumPicture/$value", "title": "Lecturer"}
{"url": "https://www.cdm.depaul.edu/Faculty-and-Staff/Pages/faculty-info.aspx?fid=1164", "dept": "CDM", "name": "Kevin Bozeman", "imgurl": "https://odata.cdm.depaul.edu/Cdm.svc/CdmEmployeePictures(914194)/MediumPicture/$value", "title": "Lecturer"}
{"url": "https://www.cdm.depaul.edu/Faculty-and-Staff/Pages/faculty-info.aspx?fid=1204", "dept": "CDM", "name": "Carlos Breban", "imgurl": "https://odata.cdm.depaul.edu/Cdm.svc/CdmEmployeePictures(968490)/MediumPicture/$value", "title": "Lecturer"}
{"url": "https://www.cdm.depaul.edu/Faculty-and-Staff/Pages/faculty-info.aspx?fid=979", "dept": "CDM", "name": "Jacqueline Brennan", "imgurl": "https://odata.cdm.depaul.edu/Cdm.svc/CdmEmployeePictures(763725)/MediumPicture/$value", "title": "Lecturer"}
{"url": "https://www.cdm.depaul.edu/Faculty-and-Staff/Pages/faculty-info.aspx?fid=141", "dept": "SoC", "name": "Greg Brewster", "imgurl": "https://odata.cdm.depaul.edu/Cdm.svc/CdmEmployeePictures(298214)/MediumPicture/$value", "title": "Associate Professor"}
{"url": "https://www.cdm.depaul.edu/Faculty-and-Staff/Pages/faculty-info.aspx?fid=1233", "dept": "CDM", "name": "Patrick Brooks", "imgurl": "https://odata.cdm.depaul.edu/Cdm.svc/CdmEmployeePictures(1017173)/MediumPicture/$value", "title": "Lecturer"}
{"url": "https://www.cdm.depaul.edu/Faculty-and-Staff/Pages/faculty-info.aspx?fid=1311", "dept": "SoC", "name": "Eli Brown", "imgurl": "https://odata.cdm.depaul.edu/Cdm.svc/CdmEmployeePictures(1087981)/MediumPicture/$value", "title": "Assistant Professor"}
{"url": "https://www.cdm.depaul.edu/Faculty-and-Staff/Pages/faculty-info.aspx?fid=326", "dept": "CDM", "name": "Dale Buchholz", "imgurl": "https://odata.cdm.depaul.edu/Cdm.svc/CdmEmployeePictures(398711)/MediumPicture/$value", "title": "Lecturer"}
{"url": "https://www.cdm.depaul.edu/Faculty-and-Staff/Pages/faculty-info.aspx?fid=341", "dept": "SoC", "name": "Robin Burke", "imgurl": "https://odata.cdm.depaul.edu/Cdm.svc/CdmEmployeePictures(421270)/MediumPicture/$value", "title": "Professor"}
{"url": "https://www.cdm.depaul.edu/Faculty-and-Staff/Pages/faculty-info.aspx?fid=1259", "dept": "CDM", "name": "Jef Burnham", "imgurl": "https://odata.cdm.depaul.edu/Cdm.svc/CdmEmployeePictures(841476)/MediumPicture/$value", "title": "Lecturer"}
{"url": "https://www.cdm.depaul.edu/Faculty-and-Staff/Pages/faculty-info.aspx?fid=448", "dept": "CDM", "name": "David Burns", "imgurl": "https://odata.cdm.depaul.edu/Cdm.svc/CdmEmployeePictures(104811)/MediumPicture/$value", "title": "Lecturer"}
{"url": "https://www.cdm.depaul.edu/Faculty-and-Staff/Pages/faculty-info.aspx?fid=535", "dept": "CDM", "name": "Lisa Buscani", "imgurl": "https://odata.cdm.depaul.edu/Cdm.svc/CdmEmployeePictures(700298)/MediumPicture/$value", "title": "Lecturer"}
{"url": "https://www.cdm.depaul.edu/Faculty-and-Staff/Pages/faculty-info.aspx?fid=1317", "dept": "CDM", "name": "Kevin Cagnolatti", "imgurl": "https://odata.cdm.depaul.edu/Cdm.svc/CdmEmployeePictures(858546)/MediumPicture/$value", "title": "Lecturer"}
{"url": "https://www.cdm.depaul.edu/Faculty-and-Staff/Pages/faculty-info.aspx?fid=214", "dept": "CDM", "name": "David Calascibetta", "imgurl": "https://odata.cdm.depaul.edu/Cdm.svc/CdmEmployeePictures(286035)/MediumPicture/$value", "title": "Adjunct Professor"}
{"url": "https://www.cdm.depaul.edu/Faculty-and-Staff/Pages/faculty-info.aspx?fid=1305", "dept": "CDM", "name": "Liliane Calfee", "imgurl": "https://odata.cdm.depaul.edu/Cdm.svc/CdmEmployeePictures(1085975)/MediumPicture/$value", "title": "Lecturer"}
{"url": "https://www.cdm.depaul.edu/Faculty-and-Staff/Pages/faculty-info.aspx?fid=1326", "dept": "CDM", "name": "Elliot Callighan", "imgurl": "https://odata.cdm.depaul.edu/Cdm.svc/CdmEmployeePictures(935124)/MediumPicture/$value", "title": "Lecturer"}
{"url": "https://www.cdm.depaul.edu/Faculty-and-Staff/Pages/faculty-info.aspx?fid=1314", "dept": "CDM", "name": "Jessica Campbell", "imgurl": "https://odata.cdm.depaul.edu/Cdm.svc/CdmEmployeePictures(1103582)/MediumPicture/$value", "title": "Lecturer"}
{"url": "https://www.cdm.depaul.edu/Faculty-and-Staff/Pages/faculty-info.aspx?fid=216", "dept": "CDM", "name": "Joseph Cannici", "imgurl": "https://odata.cdm.depaul.edu/Cdm.svc/CdmEmployeePictures(176160)/MediumPicture/$value", "title": "Lecturer"}
{"url": "https://www.cdm.depaul.edu/Faculty-and-Staff/Pages/faculty-info.aspx?fid=1279", "dept": "CDM", "name": "Morgan Caputo", "imgurl": "https://odata.cdm.depaul.edu/Cdm.svc/CdmEmployeePictures(770879)/MediumPicture/$value", "title": "Lecturer"}
{"url": "https://www.cdm.depaul.edu/Faculty-and-Staff/Pages/faculty-info.aspx?fid=558", "dept": "CDM", "name": "Michael Carioscio", "imgurl": "https://odata.cdm.depaul.edu/Cdm.svc/CdmEmployeePictures(252351)/MediumPicture/$value", "title": "Lecturer"}
{"url": "https://www.cdm.depaul.edu/Faculty-and-Staff/Pages/faculty-info.aspx?fid=1153", "dept": "CDM", "name": "Jeffrey Carrion", "imgurl": "https://odata.cdm.depaul.edu/Cdm.svc/CdmEmployeePictures(783302)/MediumPicture/$value", "title": "Lecturer"}
{"url": "https://www.cdm.depaul.edu/Faculty-and-Staff/Pages/faculty-info.aspx?fid=1223", "dept": "CDM", "name": "Dustin Carroll", "imgurl": "https://odata.cdm.depaul.edu/Cdm.svc/CdmEmployeePictures(987969)/MediumPicture/$value", "title": "Lecturer"}
{"url": "https://www.cdm.depaul.edu/Faculty-and-Staff/Pages/faculty-info.aspx?fid=1272", "dept": "CDM", "name": "Michele Carter", "imgurl": "https://odata.cdm.depaul.edu/Cdm.svc/CdmEmployeePictures(881049)/MediumPicture/$value", "title": "Lecturer"}
{"url": "https://www.cdm.depaul.edu/Faculty-and-Staff/Pages/faculty-info.aspx?fid=200", "dept": "SoC", "name": "Susy Chan", "imgurl": "https://odata.cdm.depaul.edu/Cdm.svc/CdmEmployeePictures(297816)/MediumPicture/$value", "title": "Professor Emerita"}
{"url": "https://www.cdm.depaul.edu/Faculty-and-Staff/Pages/faculty-info.aspx?fid=1010", "dept": "CDM", "name": "Travis Chandler", "imgurl": "https://odata.cdm.depaul.edu/Cdm.svc/CdmEmployeePictures(267113)/MediumPicture/$value", "title": "Lecturer"}
{"url": "https://www.cdm.depaul.edu/Faculty-and-Staff/Pages/faculty-info.aspx?fid=1205", "dept": "SoC", "name": "Michael Chase", "imgurl": "https://odata.cdm.depaul.edu/Cdm.svc/CdmEmployeePictures(283208)/MediumPicture/$value", "title": "Instructor"}
{"url": "https://www.cdm.depaul.edu/Faculty-and-Staff/Pages/faculty-info.aspx?fid=283", "dept": "CDM", "name": "Hao Chen", "imgurl": "https://odata.cdm.depaul.edu/Cdm.svc/CdmEmployeePictures(245921)/MediumPicture/$value", "title": "Lecturer"}
{"url": "https://www.cdm.depaul.edu/Faculty-and-Staff/Pages/faculty-info.aspx?fid=1246", "dept": "CDM", "name": "Jinghui Cheng", "imgurl": "https://odata.cdm.depaul.edu/Cdm.svc/CdmEmployeePictures(835164)/MediumPicture/$value", "title": "Lecturer"}
{"url": "https://www.cdm.depaul.edu/Faculty-and-Staff/Pages/faculty-info.aspx?fid=1020", "dept": "SCA", "name": "James Choi", "imgurl": "https://odata.cdm.depaul.edu/Cdm.svc/CdmEmployeePictures(744721)/MediumPicture/$value", "title": "Instructor"}
{"url": "https://www.cdm.depaul.edu/Faculty-and-Staff/Pages/faculty-info.aspx?fid=228", "dept": "CDM", "name": "Marco Chou", "imgurl": "https://odata.cdm.depaul.edu/Cdm.svc/CdmEmployeePictures(339459)/MediumPicture/$value", "title": "Lecturer"}
{"url": "https://www.cdm.depaul.edu/Faculty-and-Staff/Pages/faculty-info.aspx?fid=249", "dept": "SoC", "name": "I-Ping Chu", "imgurl": "https://odata.cdm.depaul.edu/Cdm.svc/CdmEmployeePictures(297839)/MediumPicture/$value", "title": "Associate Professor"}
{"url": "https://www.cdm.depaul.edu/Faculty-and-Staff/Pages/faculty-info.aspx?fid=260", "dept": "SoC", "name": "Anthony Chung", "imgurl": "https://odata.cdm.depaul.edu/Cdm.svc/CdmEmployeePictures(299871)/MediumPicture/$value", "title": "Associate Professor"}
{"url": "https://www.cdm.depaul.edu/Faculty-and-Staff/Pages/faculty-info.aspx?fid=421", "dept": "CDM", "name": "Kim Clark", "imgurl": "https://odata.cdm.depaul.edu/Cdm.svc/CdmEmployeePictures(601599)/MediumPicture/$value", "title": "Lecturer"}
{"url": "https://www.cdm.depaul.edu/Faculty-and-Staff/Pages/faculty-info.aspx?fid=342", "dept": "SoC", "name": "Jane Cleland-Huang", "imgurl": "https://odata.cdm.depaul.edu/Cdm.svc/CdmEmployeePictures(421368)/MediumPicture/$value", "title": "Professor"}
{"url": "https://www.cdm.depaul.edu/Faculty-and-Staff/Pages/faculty-info.aspx?fid=238", "dept": "CDM", "name": "Ellis Confer", "imgurl": "https://odata.cdm.depaul.edu/Cdm.svc/CdmEmployeePictures(346680)/MediumPicture/$value", "title": "Lecturer"}
{"url": "https://www.cdm.depaul.edu/Faculty-and-Staff/Pages/faculty-info.aspx?fid=470", "dept": "SCA", "name": "Shayna Connelly", "imgurl": "https://odata.cdm.depaul.edu/Cdm.svc/CdmEmployeePictures(121369)/MediumPicture/$value", "title": "Assistant Professor"}
{"url": "https://www.cdm.depaul.edu/Faculty-and-Staff/Pages/faculty-info.aspx?fid=1179", "dept": "CDM", "name": "William Connor", "imgurl": "https://odata.cdm.depaul.edu/Cdm.svc/CdmEmployeePictures(722291)/MediumPicture/$value", "title": "Lecturer"}
{"url": "https://www.cdm.depaul.edu/Faculty-and-Staff/Pages/faculty-info.aspx?fid=986", "dept": "CDM", "name": "John Corba", "imgurl": "https://odata.cdm.depaul.edu/Cdm.svc/CdmEmployeePictures(732950)/MediumPicture/$value", "title": "Lecturer"}
{"url": "https://www.cdm.depaul.edu/Faculty-and-Staff/Pages/faculty-info.aspx?fid=1312", "dept": "CDM", "name": "Juan Cortes", "imgurl": "https://odata.cdm.depaul.edu/Cdm.svc/CdmEmployeePictures(506762)/MediumPicture/$value", "title": "Lecturer"}
{"url": "https://www.cdm.depaul.edu/Faculty-and-Staff/Pages/faculty-info.aspx?fid=1198", "dept": "CDM", "name": "Santiago Cortez", "imgurl": "https://odata.cdm.depaul.edu/Cdm.svc/CdmEmployeePictures(737849)/MediumPicture/$value", "title": "Lecturer"}
{"url": "https://www.cdm.depaul.edu/Faculty-and-Staff/Pages/faculty-info.aspx?fid=541", "dept": "CDM", "name": "Chelsea Cossu", "imgurl": "https://odata.cdm.depaul.edu/Cdm.svc/CdmEmployeePictures(702103)/MediumPicture/$value", "title": "Lecturer"}
{"url": "https://www.cdm.depaul.edu/Faculty-and-Staff/Pages/faculty-info.aspx?fid=1005", "dept": "CDM", "name": "Lorraine Darrow", "imgurl": "https://odata.cdm.depaul.edu/Cdm.svc/CdmEmployeePictures(788339)/MediumPicture/$value", "title": "Lecturer"}
{"url": "https://www.cdm.depaul.edu/Faculty-and-Staff/Pages/faculty-info.aspx?fid=277", "dept": "CDM", "name": "Mary Jo Davidson", "imgurl": "https://odata.cdm.depaul.edu/Cdm.svc/CdmEmployeePictures(210468)/MediumPicture/$value", "title": "Lecturer"}
{"url": "https://www.cdm.depaul.edu/Faculty-and-Staff/Pages/faculty-info.aspx?fid=286", "dept": "CDM", "name": "James DeBettencourt", "imgurl": "https://odata.cdm.depaul.edu/Cdm.svc/CdmEmployeePictures(370726)/MediumPicture/$value", "title": "Lecturer"}
{"url": "https://www.cdm.depaul.edu/Faculty-and-Staff/Pages/faculty-info.aspx?fid=527", "dept": "CDM", "name": "Camille DeBose", "imgurl": "https://odata.cdm.depaul.edu/Cdm.svc/CdmEmployeePictures(60516)/MediumPicture/$value", "title": "Lecturer"}
{"url": "https://www.cdm.depaul.edu/Faculty-and-Staff/Pages/faculty-info.aspx?fid=175", "dept": "CDM", "name": "Joanna Deszcz", "imgurl": "https://odata.cdm.depaul.edu/Cdm.svc/CdmEmployeePictures(257987)/MediumPicture/$value", "title": "Lecturer"}
{"url": "https://www.cdm.depaul.edu/Faculty-and-Staff/Pages/faculty-info.aspx?fid=203", "dept": "SoC", "name": "Lucia Dettori", "imgurl": "https://odata.cdm.depaul.edu/Cdm.svc/CdmEmployeePictures(297705)/MediumPicture/$value", "title": "Associate Dean"}
{"url": "https://www.cdm.depaul.edu/Faculty-and-Staff/Pages/faculty-info.aspx?fid=1301", "dept": "CDM", "name": "Ed Devaney", "imgurl": "https://odata.cdm.depaul.edu/Cdm.svc/CdmEmployeePictures(587949)/MediumPicture/$value", "title": "Lecturer"}
{"url": "https://www.cdm.depaul.edu/Faculty-and-Staff/Pages/faculty-info.aspx?fid=1049", "dept": "CDM", "name": "Nathan DeWitt", "imgurl": "https://odata.cdm.depaul.edu/Cdm.svc/CdmEmployeePictures(880598)/MediumPicture/$value", "title": "Lecturer"}
{"url": "https://www.cdm.depaul.edu/Faculty-and-Staff/Pages/faculty-info.aspx?fid=1269", "dept": "CDM", "name": "Sandeep Dhameja", "imgurl": "https://odata.cdm.depaul.edu/Cdm.svc/CdmEmployeePictures(546773)/MediumPicture/$value", "title": "Lecturer"}
{"url": "https://www.cdm.depaul.edu/Faculty-and-Staff/Pages/faculty-info.aspx?fid=1283", "dept": "CDM", "name": "Frank DiBraccio", "imgurl": "https://odata.cdm.depaul.edu/Cdm.svc/CdmEmployeePictures(417908)/MediumPicture/$value", "title": "Lecturer"}
{"url": "https://www.cdm.depaul.edu/Faculty-and-Staff/Pages/faculty-info.aspx?fid=343", "dept": "SoC", "name": "Massimo DiPierro", "imgurl": "https://odata.cdm.depaul.edu/Cdm.svc/CdmEmployeePictures(421382)/MediumPicture/$value", "title": "Professor"}
{"url": "https://www.cdm.depaul.edu/Faculty-and-Staff/Pages/faculty-info.aspx?fid=575", "dept": "CDM", "name": "Shelley Dodson", "imgurl": "https://odata.cdm.depaul.edu/Cdm.svc/CdmEmployeePictures(732952)/MediumPicture/$value", "title": "Lecturer"}
{"url": "https://www.cdm.depaul.edu/Faculty-and-Staff/Pages/faculty-info.aspx?fid=1240", "dept": "CDM", "name": "Shannon Donahue", "imgurl": "https://odata.cdm.depaul.edu/Cdm.svc/CdmEmployeePictures(196907)/MediumPicture/$value", "title": "Lecturer"}
{"url": "https://www.cdm.depaul.edu/Faculty-and-Staff/Pages/faculty-info.aspx?fid=281", "dept": "CDM", "name": "Steve Dragon", "imgurl": "https://odata.cdm.depaul.edu/Cdm.svc/CdmEmployeePictures(299549)/MediumPicture/$value", "title": "Lecturer"}
{"url": "https://www.cdm.depaul.edu/Faculty-and-Staff/Pages/faculty-info.aspx?fid=285", "dept": "CDM", "name": "Lawrence Dribin", "imgurl": "https://odata.cdm.depaul.edu/Cdm.svc/CdmEmployeePictures(358900)/MediumPicture/$value", "title": "Lecturer"}
{"url": "https://www.cdm.depaul.edu/Faculty-and-Staff/Pages/faculty-info.aspx?fid=1250", "dept": "CDM", "name": "Travis Duffield", "imgurl": "https://odata.cdm.depaul.edu/Cdm.svc/CdmEmployeePictures(897731)/MediumPicture/$value", "title": "Lecturer"}
{"url": "https://www.cdm.depaul.edu/Faculty-and-Staff/Pages/faculty-info.aspx?fid=1044", "dept": "CDM", "name": "Mary Jane Duffy", "imgurl": "https://odata.cdm.depaul.edu/Cdm.svc/CdmEmployeePictures(298692)/MediumPicture/$value", "title": "Lecturer"}
{"url": "https://www.cdm.depaul.edu/Faculty-and-Staff/Pages/faculty-info.aspx?fid=995", "dept": "CDM", "name": "Patrick Dwyer", "imgurl": "https://odata.cdm.depaul.edu/Cdm.svc/CdmEmployeePictures(778147)/MediumPicture/$value", "title": "Lecturer"}
{"url": "https://www.cdm.depaul.edu/Faculty-and-Staff/Pages/faculty-info.aspx?fid=509", "dept": "CDM", "name": "Suzanne El-Moursi", "imgurl": "https://odata.cdm.depaul.edu/Cdm.svc/CdmEmployeePictures(3620)/MediumPicture/$value", "title": "Lecturer"}
{"url": "https://www.cdm.depaul.edu/Faculty-and-Staff/Pages/faculty-info.aspx?fid=267", "dept": "CDM", "name": "Khaled El-Zayyat", "imgurl": "https://odata.cdm.depaul.edu/Cdm.svc/CdmEmployeePictures(365992)/MediumPicture/$value", "title": "Director, Amman Program"}
{"url": "https://www.cdm.depaul.edu/Faculty-and-Staff/Pages/faculty-info.aspx?fid=1308", "dept": "CDM", "name": "Sergio Elahi", "imgurl": "https://odata.cdm.depaul.edu/Cdm.svc/CdmEmployeePictures(1421)/MediumPicture/$value", "title": "Lecturer"}
{"url": "https://www.cdm.depaul.edu/Faculty-and-Staff/Pages/faculty-info.aspx?fid=320", "dept": "SoC", "name": "Clark Elliott", "imgurl": "https://odata.cdm.depaul.edu/Cdm.svc/CdmEmployeePictures(153049)/MediumPicture/$value", "title": "Associate Professor"}
{"url": "https://www.cdm.depaul.edu/Faculty-and-Staff/Pages/faculty-info.aspx?fid=517", "dept": "CDM", "name": "Jennifer Ellison", "imgurl": "https://odata.cdm.depaul.edu/Cdm.svc/CdmEmployeePictures(697479)/MediumPicture/$value", "title": "Lecturer"}
{"url": "https://www.cdm.depaul.edu/Faculty-and-Staff/Pages/faculty-info.aspx?fid=406", "dept": "SCA", "name": "Ronald Eltanal", "imgurl": "https://odata.cdm.depaul.edu/Cdm.svc/CdmEmployeePictures(76477)/MediumPicture/$value", "title": "Associate Professor"}
{"url": "https://www.cdm.depaul.edu/Faculty-and-Staff/Pages/faculty-info.aspx?fid=1296", "dept": "CDM", "name": "Kevin Endres", "imgurl": "https://odata.cdm.depaul.edu/Cdm.svc/CdmEmployeePictures(834008)/MediumPicture/$value", "title": "Lecturer"}
{"url": "https://www.cdm.depaul.edu/Faculty-and-Staff/Pages/faculty-info.aspx?fid=587", "dept": "CDM", "name": "James Enstrom", "imgurl": "https://odata.cdm.depaul.edu/Cdm.svc/CdmEmployeePictures(216875)/MediumPicture/$value", "title": "Lecturer"}
{"url": "https://www.cdm.depaul.edu/Faculty-and-Staff/Pages/faculty-info.aspx?fid=339", "dept": "CDM", "name": "Helmut Epp", "imgurl": "https://odata.cdm.depaul.edu/Cdm.svc/CdmEmployeePictures(298426)/MediumPicture/$value", "title": "Professor"}
{"url": "https://www.cdm.depaul.edu/Faculty-and-Staff/Pages/faculty-info.aspx?fid=1214", "dept": "SoD", "name": "Sheena Erete", "imgurl": "https://odata.cdm.depaul.edu/Cdm.svc/CdmEmployeePictures(971701)/MediumPicture/$value", "title": "Assistant Professor"}
{"url": "https://www.cdm.depaul.edu/Faculty-and-Staff/Pages/faculty-info.aspx?fid=378", "dept": "SCA", "name": "Scott Erlinder", "imgurl": "https://odata.cdm.depaul.edu/Cdm.svc/CdmEmployeePictures(499173)/MediumPicture/$value", "title": "Assistant Professor"}
{"url": "https://www.cdm.depaul.edu/Faculty-and-Staff/Pages/faculty-info.aspx?fid=1191", "dept": "CDM", "name": "Craig Erpelding", "imgurl": "https://odata.cdm.depaul.edu/Cdm.svc/CdmEmployeePictures(722412)/MediumPicture/$value", "title": "Lecturer"}
{"url": "https://www.cdm.depaul.edu/Faculty-and-Staff/Pages/faculty-info.aspx?fid=1306", "dept": "CDM", "name": "Tre Everette", "imgurl": "https://odata.cdm.depaul.edu/Cdm.svc/CdmEmployeePictures(895875)/MediumPicture/$value", "title": "Lecturer"}
{"url": "https://www.cdm.depaul.edu/Faculty-and-Staff/Pages/faculty-info.aspx?fid=108", "dept": "SoC", "name": "Xiaowen Fang", "imgurl": "https://odata.cdm.depaul.edu/Cdm.svc/CdmEmployeePictures(298189)/MediumPicture/$value", "title": "Associate Professor"}
{"url": "https://www.cdm.depaul.edu/Faculty-and-Staff/Pages/faculty-info.aspx?fid=1292", "dept": "SCA", "name": "Brian Ferguson", "imgurl": "https://odata.cdm.depaul.edu/Cdm.svc/CdmEmployeePictures(1073806)/MediumPicture/$value", "title": "Animator in Residence"}
{"url": "https://www.cdm.depaul.edu/Faculty-and-Staff/Pages/faculty-info.aspx?fid=525", "dept": "CDM", "name": "Richard Fesl", "imgurl": "https://odata.cdm.depaul.edu/Cdm.svc/CdmEmployeePictures(2730)/MediumPicture/$value", "title": "Lecturer"}
{"url": "https://www.cdm.depaul.edu/Faculty-and-Staff/Pages/faculty-info.aspx?fid=145", "dept": "CDM", "name": "John Fisher", "imgurl": "https://odata.cdm.depaul.edu/Cdm.svc/CdmEmployeePictures(193697)/MediumPicture/$value", "title": "Lecturer"}
{"url": "https://www.cdm.depaul.edu/Faculty-and-Staff/Pages/faculty-info.aspx?fid=524", "dept": "CDM", "name": "Jeffrey Fisher", "imgurl": "https://odata.cdm.depaul.edu/Cdm.svc/CdmEmployeePictures(535269)/MediumPicture/$value", "title": "Lecturer"}
{"url": "https://www.cdm.depaul.edu/Faculty-and-Staff/Pages/faculty-info.aspx?fid=1211", "dept": "CDM", "name": "Todd Flaming", "imgurl": "https://odata.cdm.depaul.edu/Cdm.svc/CdmEmployeePictures(969733)/MediumPicture/$value", "title": "Lecturer"}
{"url": "https://www.cdm.depaul.edu/Faculty-and-Staff/Pages/faculty-info.aspx?fid=1280", "dept": "CDM", "name": "Michael Flores", "imgurl": "https://odata.cdm.depaul.edu/Cdm.svc/CdmEmployeePictures(1067667)/MediumPicture/$value", "title": "Lecturer"}
{"url": "https://www.cdm.depaul.edu/Faculty-and-Staff/Pages/faculty-info.aspx?fid=1277", "dept": "CDM", "name": "Scott Foley", "imgurl": "https://odata.cdm.depaul.edu/Cdm.svc/CdmEmployeePictures(1067077)/MediumPicture/$value", "title": "Lecturer"}
{"url": "https://www.cdm.depaul.edu/Faculty-and-Staff/Pages/faculty-info.aspx?fid=454", "dept": "CDM", "name": "James Foster", "imgurl": "https://odata.cdm.depaul.edu/Cdm.svc/CdmEmployeePictures(111910)/MediumPicture/$value", "title": "Lecturer"}
{"url": "https://www.cdm.depaul.edu/Faculty-and-Staff/Pages/faculty-info.aspx?fid=1030", "dept": "CDM", "name": "Liz Friedman", "imgurl": "https://odata.cdm.depaul.edu/Cdm.svc/CdmEmployeePictures(111703)/MediumPicture/$value", "title": "Lecturer"}
{"url": "https://www.cdm.depaul.edu/Faculty-and-Staff/Pages/faculty-info.aspx?fid=365", "dept": "SoC", "name": "Jacob Furst", "imgurl": "https://odata.cdm.depaul.edu/Cdm.svc/CdmEmployeePictures(297819)/MediumPicture/$value", "title": "Professor"}
{"url": "https://www.cdm.depaul.edu/Faculty-and-Staff/Pages/faculty-info.aspx?fid=1258", "dept": "CDM", "name": "Michael Galbincea", "imgurl": "https://odata.cdm.depaul.edu/Cdm.svc/CdmEmployeePictures(1037357)/MediumPicture/$value", "title": "Lecturer"}
{"url": "https://www.cdm.depaul.edu/Faculty-and-Staff/Pages/faculty-info.aspx?fid=1180", "dept": "CDM", "name": "Laurence Garfield", "imgurl": "https://odata.cdm.depaul.edu/Cdm.svc/CdmEmployeePictures(194255)/MediumPicture/$value", "title": "Lecturer"}
{"url": "https://www.cdm.depaul.edu/Faculty-and-Staff/Pages/faculty-info.aspx?fid=494", "dept": "SoC", "name": "Jonathan Gemmell", "imgurl": "https://odata.cdm.depaul.edu/Cdm.svc/CdmEmployeePictures(368627)/MediumPicture/$value", "title": "Assistant Professor"}
{"url": "https://www.cdm.depaul.edu/Faculty-and-Staff/Pages/faculty-info.aspx?fid=1163", "dept": "CDM", "name": "Greg Geracie", "imgurl": "https://odata.cdm.depaul.edu/Cdm.svc/CdmEmployeePictures(913661)/MediumPicture/$value", "title": "Lecturer"}
{"url": "https://www.cdm.depaul.edu/Faculty-and-Staff/Pages/faculty-info.aspx?fid=1295", "dept": "CDM", "name": "Rami Ghannam", "imgurl": "https://odata.cdm.depaul.edu/Cdm.svc/CdmEmployeePictures(901969)/MediumPicture/$value", "title": "Lecturer"}
{"url": "https://www.cdm.depaul.edu/Faculty-and-Staff/Pages/faculty-info.aspx?fid=451", "dept": "CDM", "name": "Mark Goetsch", "imgurl": "https://odata.cdm.depaul.edu/Cdm.svc/CdmEmployeePictures(2332)/MediumPicture/$value", "title": "Lecturer"}
{"url": "https://www.cdm.depaul.edu/Faculty-and-Staff/Pages/faculty-info.aspx?fid=1165", "dept": "CDM", "name": "Jan Gollins", "imgurl": "https://odata.cdm.depaul.edu/Cdm.svc/CdmEmployeePictures(729275)/MediumPicture/$value", "title": "Lecturer"}
{"url": "https://www.cdm.depaul.edu/Faculty-and-Staff/Pages/faculty-info.aspx?fid=1290", "dept": "CDM", "name": "Kerry Good", "imgurl": "https://odata.cdm.depaul.edu/Cdm.svc/CdmEmployeePictures(757388)/MediumPicture/$value", "title": "Lecturer"}
{"url": "https://www.cdm.depaul.edu/Faculty-and-Staff/Pages/faculty-info.aspx?fid=399", "dept": "SoC", "name": "Gerald Gordon", "imgurl": "https://odata.cdm.depaul.edu/Cdm.svc/CdmEmployeePictures(299528)/MediumPicture/$value", "title": "Professor Emeritus"}
{"url": "https://www.cdm.depaul.edu/Faculty-and-Staff/Pages/faculty-info.aspx?fid=1234", "dept": "CDM", "name": "Chad Gough", "imgurl": "https://odata.cdm.depaul.edu/Cdm.svc/CdmEmployeePictures(1017174)/MediumPicture/$value", "title": "Lecturer"}
{"url": "https://www.cdm.depaul.edu/Faculty-and-Staff/Pages/faculty-info.aspx?fid=1227", "dept": "CDM", "name": "Jeffrey Grady", "imgurl": "https://odata.cdm.depaul.edu/Cdm.svc/CdmEmployeePictures(179819)/MediumPicture/$value", "title": "Lecturer"}
{"url": "https://www.cdm.depaul.edu/Faculty-and-Staff/Pages/faculty-info.aspx?fid=361", "dept": "CDM", "name": "Stuart Grais", "imgurl": "https://odata.cdm.depaul.edu/Cdm.svc/CdmEmployeePictures(296485)/MediumPicture/$value", "title": "Lecturer"}
{"url": "https://www.cdm.depaul.edu/Faculty-and-Staff/Pages/faculty-info.aspx?fid=467", "dept": "CDM", "name": "Deron Grzetich", "imgurl": "https://odata.cdm.depaul.edu/Cdm.svc/CdmEmployeePictures(64105)/MediumPicture/$value", "title": "Lecturer"}
{"url": "https://www.cdm.depaul.edu/Faculty-and-Staff/Pages/faculty-info.aspx?fid=409", "dept": "CDM", "name": "Luigi Guadagno", "imgurl": "https://odata.cdm.depaul.edu/Cdm.svc/CdmEmployeePictures(243886)/MediumPicture/$value", "title": "Lecturer"}
{"url": "https://www.cdm.depaul.edu/Faculty-and-Staff/Pages/faculty-info.aspx?fid=1271", "dept": "CDM", "name": "Ken Hall", "imgurl": "https://odata.cdm.depaul.edu/Cdm.svc/CdmEmployeePictures(1053778)/MediumPicture/$value", "title": "Lecturer"}
{"url": "https://www.cdm.depaul.edu/Faculty-and-Staff/Pages/faculty-info.aspx?fid=411", "dept": "SoC", "name": "Henry Harr", "imgurl": "https://odata.cdm.depaul.edu/Cdm.svc/CdmEmployeePictures(298385)/MediumPicture/$value", "title": "Professor Emeritus"}
{"url": "https://www.cdm.depaul.edu/Faculty-and-Staff/Pages/faculty-info.aspx?fid=1288", "dept": "CDM", "name": "Joe Hartmann", "imgurl": "https://odata.cdm.depaul.edu/Cdm.svc/CdmEmployeePictures(766696)/MediumPicture/$value", "title": "Lecturer"}
{"url": "https://www.cdm.depaul.edu/Faculty-and-Staff/Pages/faculty-info.aspx?fid=989", "dept": "CDM", "name": "Kimberly Harwood", "imgurl": "https://odata.cdm.depaul.edu/Cdm.svc/CdmEmployeePictures(774355)/MediumPicture/$value", "title": "Lecturer"}
{"url": "https://www.cdm.depaul.edu/Faculty-and-Staff/Pages/faculty-info.aspx?fid=1224", "dept": "CDM", "name": "Mofak Hassan", "imgurl": "https://odata.cdm.depaul.edu/Cdm.svc/CdmEmployeePictures(829642)/MediumPicture/$value", "title": "Lecturer"}
{"url": "https://www.cdm.depaul.edu/Faculty-and-Staff/Pages/faculty-info.aspx?fid=280", "dept": "SoC", "name": "Peter Hastings", "imgurl": "https://odata.cdm.depaul.edu/Cdm.svc/CdmEmployeePictures(31626)/MediumPicture/$value", "title": "Associate Professor"}
{"url": "https://www.cdm.depaul.edu/Faculty-and-Staff/Pages/faculty-info.aspx?fid=577", "dept": "SoC", "name": "Karen Heart", "imgurl": "https://odata.cdm.depaul.edu/Cdm.svc/CdmEmployeePictures(290873)/MediumPicture/$value", "title": "Instructor"}
{"url": "https://www.cdm.depaul.edu/Faculty-and-Staff/Pages/faculty-info.aspx?fid=423", "dept": "CDM", "name": "James Heatherly", "imgurl": "https://odata.cdm.depaul.edu/Cdm.svc/CdmEmployeePictures(197073)/MediumPicture/$value", "title": "Lecturer"}
{"url": "https://www.cdm.depaul.edu/Faculty-and-Staff/Pages/faculty-info.aspx?fid=1174", "dept": "CDM", "name": "Kenneth Hertlein", "imgurl": "https://odata.cdm.depaul.edu/Cdm.svc/CdmEmployeePictures(926729)/MediumPicture/$value", "title": "Lecturer"}
{"url": "https://www.cdm.depaul.edu/Faculty-and-Staff/Pages/faculty-info.aspx?fid=1322", "dept": "CDM", "name": "Jan Hertzberg", "imgurl": "https://odata.cdm.depaul.edu/Cdm.svc/CdmEmployeePictures(1118974)/MediumPicture/$value", "title": "Lecturer"}
{"url": "https://www.cdm.depaul.edu/Faculty-and-Staff/Pages/faculty-info.aspx?fid=529", "dept": "CDM", "name": "Marianne Hewitt", "imgurl": "https://odata.cdm.depaul.edu/Cdm.svc/CdmEmployeePictures(699388)/MediumPicture/$value", "title": "Lecturer"}
{"url": "https://www.cdm.depaul.edu/Faculty-and-Staff/Pages/faculty-info.aspx?fid=581", "dept": "CDM", "name": "Jonathan Hey", "imgurl": "https://odata.cdm.depaul.edu/Cdm.svc/CdmEmployeePictures(735478)/MediumPicture/$value", "title": "Lecturer"}
{"url": "https://www.cdm.depaul.edu/Faculty-and-Staff/Pages/faculty-info.aspx?fid=1262", "dept": "CDM", "name": "Chuck Hickey", "imgurl": "https://odata.cdm.depaul.edu/Cdm.svc/CdmEmployeePictures(964572)/MediumPicture/$value", "title": "Lecturer"}
{"url": "https://www.cdm.depaul.edu/Faculty-and-Staff/Pages/faculty-info.aspx?fid=391", "dept": "CDM", "name": "Christopher Hield", "imgurl": "https://odata.cdm.depaul.edu/Cdm.svc/CdmEmployeePictures(69823)/MediumPicture/$value", "title": "Lecturer"}
{"url": "https://www.cdm.depaul.edu/Faculty-and-Staff/Pages/faculty-info.aspx?fid=1157", "dept": "CDM", "name": "Mischa Hiessboeck", "imgurl": "https://odata.cdm.depaul.edu/Cdm.svc/CdmEmployeePictures(889742)/MediumPicture/$value", "title": "Lecturer"}
{"url": "https://www.cdm.depaul.edu/Faculty-and-Staff/Pages/faculty-info.aspx?fid=419", "dept": "SCA", "name": "Dana Hodgdon", "imgurl": "https://odata.cdm.depaul.edu/Cdm.svc/CdmEmployeePictures(598592)/MediumPicture/$value", "title": "Associate Professor"}
{"url": "https://www.cdm.depaul.edu/Faculty-and-Staff/Pages/faculty-info.aspx?fid=1276", "dept": "CDM", "name": "Andy Hoffman", "imgurl": "https://odata.cdm.depaul.edu/Cdm.svc/CdmEmployeePictures(684145)/MediumPicture/$value", "title": "Lecturer"}
{"url": "https://www.cdm.depaul.edu/Faculty-and-Staff/Pages/faculty-info.aspx?fid=1002", "dept": "CDM", "name": "Jean Hop", "imgurl": "https://odata.cdm.depaul.edu/Cdm.svc/CdmEmployeePictures(1322)/MediumPicture/$value", "title": "Lecturer"}
{"url": "https://www.cdm.depaul.edu/Faculty-and-Staff/Pages/faculty-info.aspx?fid=426", "dept": "CDM", "name": "Jason Hopkins", "imgurl": "https://odata.cdm.depaul.edu/Cdm.svc/CdmEmployeePictures(608748)/MediumPicture/$value", "title": "Lecturer"}
{"url": "https://www.cdm.depaul.edu/Faculty-and-Staff/Pages/faculty-info.aspx?fid=1035", "dept": "CDM", "name": "Stephen Hunt", "imgurl": "https://odata.cdm.depaul.edu/Cdm.svc/CdmEmployeePictures(866327)/MediumPicture/$value", "title": "Lecturer"}
{"url": "https://www.cdm.depaul.edu/Faculty-and-Staff/Pages/faculty-info.aspx?fid=975", "dept": "CDM", "name": "Javaid Iqbal", "imgurl": "https://odata.cdm.depaul.edu/Cdm.svc/CdmEmployeePictures(760095)/MediumPicture/$value", "title": "Lecturer"}
{"url": "https://www.cdm.depaul.edu/Faculty-and-Staff/Pages/faculty-info.aspx?fid=218", "dept": "CDM", "name": "Miles Jackson", "imgurl": "https://odata.cdm.depaul.edu/Cdm.svc/CdmEmployeePictures(195047)/MediumPicture/$value", "title": "Lecturer"}
{"url": "https://www.cdm.depaul.edu/Faculty-and-Staff/Pages/faculty-info.aspx?fid=348", "dept": "SoC", "name": "Radha Jagadeesan", "imgurl": "https://odata.cdm.depaul.edu/Cdm.svc/CdmEmployeePictures(425227)/MediumPicture/$value", "title": "Professor"}
{"url": "https://www.cdm.depaul.edu/Faculty-and-Staff/Pages/faculty-info.aspx?fid=471", "dept": "CDM", "name": "James Janossy", "imgurl": "https://odata.cdm.depaul.edu/Cdm.svc/CdmEmployeePictures(300138)/MediumPicture/$value", "title": "Lecturer"}
{"url": "https://www.cdm.depaul.edu/Faculty-and-Staff/Pages/faculty-info.aspx?fid=474", "dept": "CDM", "name": "Alan Jeffrey", "imgurl": "https://odata.cdm.depaul.edu/Cdm.svc/CdmEmployeePictures(299221)/MediumPicture/$value", "title": "Adjunct Professor"}
{"url": "https://www.cdm.depaul.edu/Faculty-and-Staff/Pages/faculty-info.aspx?fid=477", "dept": "SoC", "name": "Xiaoping Jia", "imgurl": "https://odata.cdm.depaul.edu/Cdm.svc/CdmEmployeePictures(299028)/MediumPicture/$value", "title": "Professor"}
{"url": "https://www.cdm.depaul.edu/Faculty-and-Staff/Pages/faculty-info.aspx?fid=1226", "dept": "CDM", "name": "CP Jois", "imgurl": "https://odata.cdm.depaul.edu/Cdm.svc/CdmEmployeePictures(69826)/MediumPicture/$value", "title": "Lecturer"}
{"url": "https://www.cdm.depaul.edu/Faculty-and-Staff/Pages/faculty-info.aspx?fid=435", "dept": "SCA", "name": "Joshua Jones", "imgurl": "https://odata.cdm.depaul.edu/Cdm.svc/CdmEmployeePictures(88664)/MediumPicture/$value", "title": "Associate Professor"}
{"url": "https://www.cdm.depaul.edu/Faculty-and-Staff/Pages/faculty-info.aspx?fid=476", "dept": "SCA", "name": "Steven Jones", "imgurl": "https://odata.cdm.depaul.edu/Cdm.svc/CdmEmployeePictures(122381)/MediumPicture/$value", "title": "Producer in Residence"}
{"url": "https://www.cdm.depaul.edu/Faculty-and-Staff/Pages/faculty-info.aspx?fid=1318", "dept": "CDM", "name": "Danyell Jones", "imgurl": "https://odata.cdm.depaul.edu/Cdm.svc/CdmEmployeePictures(230671)/MediumPicture/$value", "title": "Lecturer"}
{"url": "https://www.cdm.depaul.edu/Faculty-and-Staff/Pages/faculty-info.aspx?fid=179", "dept": "CDM", "name": "Christopher Jones", "imgurl": "https://odata.cdm.depaul.edu/Cdm.svc/CdmEmployeePictures(258484)/MediumPicture/$value", "title": "Lecturer"}
{"url": "https://www.cdm.depaul.edu/Faculty-and-Staff/Pages/faculty-info.aspx?fid=1247", "dept": "CDM", "name": "Michael Jones", "imgurl": "https://odata.cdm.depaul.edu/Cdm.svc/CdmEmployeePictures(504800)/MediumPicture/$value", "title": "Lecturer"}
{"url": "https://www.cdm.depaul.edu/Faculty-and-Staff/Pages/faculty-info.aspx?fid=495", "dept": "SoC", "name": "Steve Jost", "imgurl": "https://odata.cdm.depaul.edu/Cdm.svc/CdmEmployeePictures(299803)/MediumPicture/$value", "title": "Associate Professor"}
{"url": "https://www.cdm.depaul.edu/Faculty-and-Staff/Pages/faculty-info.aspx?fid=505", "dept": "CDM", "name": "Dolores Kalayta", "imgurl": "https://odata.cdm.depaul.edu/Cdm.svc/CdmEmployeePictures(156092)/MediumPicture/$value", "title": "Lecturer"}
{"url": "https://www.cdm.depaul.edu/Faculty-and-Staff/Pages/faculty-info.aspx?fid=513", "dept": "SoC", "name": "Martin Kalin", "imgurl": "https://odata.cdm.depaul.edu/Cdm.svc/CdmEmployeePictures(299503)/MediumPicture/$value", "title": "Professor Emeritus"}
{"url": "https://www.cdm.depaul.edu/Faculty-and-Staff/Pages/faculty-info.aspx?fid=1046", "dept": "SCA", "name": "Christopher Kalis", "imgurl": "https://odata.cdm.depaul.edu/Cdm.svc/CdmEmployeePictures(878009)/MediumPicture/$value", "title": "Assistant Professor"}
{"url": "https://www.cdm.depaul.edu/Faculty-and-Staff/Pages/faculty-info.aspx?fid=272", "dept": "SoC", "name": "Iyad Kanj", "imgurl": "https://odata.cdm.depaul.edu/Cdm.svc/CdmEmployeePictures(31625)/MediumPicture/$value", "title": "Professor"}
{"url": "https://www.cdm.depaul.edu/Faculty-and-Staff/Pages/faculty-info.aspx?fid=1018", "dept": "CDM", "name": "Derek Katzer", "imgurl": "https://odata.cdm.depaul.edu/Cdm.svc/CdmEmployeePictures(335458)/MediumPicture/$value", "title": "Lecturer"}
{"url": "https://www.cdm.depaul.edu/Faculty-and-Staff/Pages/faculty-info.aspx?fid=562", "dept": "SoC", "name": "Edward Keenan", "imgurl": "https://odata.cdm.depaul.edu/Cdm.svc/CdmEmployeePictures(718577)/MediumPicture/$value", "title": "Senior Professional Lecturer"}
{"url": "https://www.cdm.depaul.edu/Faculty-and-Staff/Pages/faculty-info.aspx?fid=415", "dept": "CDM", "name": "Matthew Kestian", "imgurl": "https://odata.cdm.depaul.edu/Cdm.svc/CdmEmployeePictures(587897)/MediumPicture/$value", "title": "Lecturer"}
{"url": "https://www.cdm.depaul.edu/Faculty-and-Staff/Pages/faculty-info.aspx?fid=1315", "dept": "CDM", "name": "Nirajan Khadga", "imgurl": "https://odata.cdm.depaul.edu/Cdm.svc/CdmEmployeePictures(72478)/MediumPicture/$value", "title": "Lecturer"}
{"url": "https://www.cdm.depaul.edu/Faculty-and-Staff/Pages/faculty-info.aspx?fid=1245", "dept": "CDM", "name": "Jessica King", "imgurl": "https://odata.cdm.depaul.edu/Cdm.svc/CdmEmployeePictures(238567)/MediumPicture/$value", "title": "Lecturer"}
{"url": "https://www.cdm.depaul.edu/Faculty-and-Staff/Pages/faculty-info.aspx?fid=436", "dept": "CDM", "name": "Daniel Klein", "imgurl": "https://odata.cdm.depaul.edu/Cdm.svc/CdmEmployeePictures(89729)/MediumPicture/$value", "title": "Lecturer"}
{"url": "https://www.cdm.depaul.edu/Faculty-and-Staff/Pages/faculty-info.aspx?fid=1300", "dept": "CDM", "name": "John Klein", "imgurl": "https://odata.cdm.depaul.edu/Cdm.svc/CdmEmployeePictures(965106)/MediumPicture/$value", "title": "Lecturer"}
{"url": "https://www.cdm.depaul.edu/Faculty-and-Staff/Pages/faculty-info.aspx?fid=540", "dept": "SoC", "name": "Linda Knight", "imgurl": "https://odata.cdm.depaul.edu/Cdm.svc/CdmEmployeePictures(1578)/MediumPicture/$value", "title": "Professor Emerita"}
{"url": "https://www.cdm.depaul.edu/Faculty-and-Staff/Pages/faculty-info.aspx?fid=1243", "dept": "CDM", "name": "Ian Koenig", "imgurl": "https://odata.cdm.depaul.edu/Cdm.svc/CdmEmployeePictures(1019035)/MediumPicture/$value", "title": "Lecturer"}
{"url": "https://www.cdm.depaul.edu/Faculty-and-Staff/Pages/faculty-info.aspx?fid=1237", "dept": "CDM", "name": "Rajiv Kolagani", "imgurl": "https://odata.cdm.depaul.edu/Cdm.svc/CdmEmployeePictures(1017909)/MediumPicture/$value", "title": "Lecturer"}
{"url": "https://www.cdm.depaul.edu/Faculty-and-Staff/Pages/faculty-info.aspx?fid=299", "dept": "CDM", "name": "Ronald Koziel", "imgurl": "https://odata.cdm.depaul.edu/Cdm.svc/CdmEmployeePictures(332284)/MediumPicture/$value", "title": "Lecturer"}
{"url": "https://www.cdm.depaul.edu/Faculty-and-Staff/Pages/faculty-info.aspx?fid=439", "dept": "CDM", "name": "James Krev", "imgurl": "https://odata.cdm.depaul.edu/Cdm.svc/CdmEmployeePictures(94853)/MediumPicture/$value", "title": "Lecturer"}
{"url": "https://www.cdm.depaul.edu/Faculty-and-Staff/Pages/faculty-info.aspx?fid=176", "dept": "CDM", "name": "John Kristoff", "imgurl": "https://odata.cdm.depaul.edu/Cdm.svc/CdmEmployeePictures(3014)/MediumPicture/$value", "title": "Lecturer"}
{"url": "https://www.cdm.depaul.edu/Faculty-and-Staff/Pages/faculty-info.aspx?fid=1265", "dept": "CDM", "name": "Rajeev Kumar", "imgurl": "https://odata.cdm.depaul.edu/Cdm.svc/CdmEmployeePictures(686045)/MediumPicture/$value", "title": "Lecturer"}
{"url": "https://www.cdm.depaul.edu/Faculty-and-Staff/Pages/faculty-info.aspx?fid=438", "dept": "CDM", "name": "Benjamin Kumming", "imgurl": "https://odata.cdm.depaul.edu/Cdm.svc/CdmEmployeePictures(17011)/MediumPicture/$value", "title": "Lecturer"}
{"url": "https://www.cdm.depaul.edu/Faculty-and-Staff/Pages/faculty-info.aspx?fid=163", "dept": "SoC", "name": "Jean-Philippe Labruyere", "imgurl": "https://odata.cdm.depaul.edu/Cdm.svc/CdmEmployeePictures(299157)/MediumPicture/$value", "title": "Senior Professional Lecturer"}
{"url": "https://www.cdm.depaul.edu/Faculty-and-Staff/Pages/faculty-info.aspx?fid=561", "dept": "SoC", "name": "Glenn Lancaster", "imgurl": "https://odata.cdm.depaul.edu/Cdm.svc/CdmEmployeePictures(298026)/MediumPicture/$value", "title": "Professor Emeritus"}
{"url": "https://www.cdm.depaul.edu/Faculty-and-Staff/Pages/faculty-info.aspx?fid=1261", "dept": "CDM", "name": "David Laskey", "imgurl": "https://odata.cdm.depaul.edu/Cdm.svc/CdmEmployeePictures(750927)/MediumPicture/$value", "title": "Lecturer"}
{"url": "https://www.cdm.depaul.edu/Faculty-and-Staff/Pages/faculty-info.aspx?fid=1270", "dept": "CDM", "name": "Melissa Lawrenz", "imgurl": "https://odata.cdm.depaul.edu/Cdm.svc/CdmEmployeePictures(1053661)/MediumPicture/$value", "title": "Lecturer"}
{"url": "https://www.cdm.depaul.edu/Faculty-and-Staff/Pages/faculty-info.aspx?fid=1229", "dept": "CDM", "name": "Chris Leather", "imgurl": "https://odata.cdm.depaul.edu/Cdm.svc/CdmEmployeePictures(1004199)/MediumPicture/$value", "title": "Lecturer"}
{"url": "https://www.cdm.depaul.edu/Faculty-and-Staff/Pages/faculty-info.aspx?fid=578", "dept": "CDM", "name": "David Lee", "imgurl": "https://odata.cdm.depaul.edu/Cdm.svc/CdmEmployeePictures(299052)/MediumPicture/$value", "title": "Lecturer"}
{"url": "https://www.cdm.depaul.edu/Faculty-and-Staff/Pages/faculty-info.aspx?fid=1254", "dept": "CDM", "name": "Jack Leifel", "imgurl": "https://odata.cdm.depaul.edu/Cdm.svc/CdmEmployeePictures(1036848)/MediumPicture/$value", "title": "Lecturer"}
{"url": "https://www.cdm.depaul.edu/Faculty-and-Staff/Pages/faculty-info.aspx?fid=287", "dept": "CDM", "name": "William Leutzinger", "imgurl": "https://odata.cdm.depaul.edu/Cdm.svc/CdmEmployeePictures(370728)/MediumPicture/$value", "title": "Lecturer"}
{"url": "https://www.cdm.depaul.edu/Faculty-and-Staff/Pages/faculty-info.aspx?fid=603", "dept": "CDM", "name": "Gavin Lew", "imgurl": "https://odata.cdm.depaul.edu/Cdm.svc/CdmEmployeePictures(745359)/MediumPicture/$value", "title": "Lecturer"}
{"url": "https://www.cdm.depaul.edu/Faculty-and-Staff/Pages/faculty-info.aspx?fid=1320", "dept": "CDM", "name": "Eric Liberacki", "imgurl": "https://odata.cdm.depaul.edu/Cdm.svc/CdmEmployeePictures(909401)/MediumPicture/$value", "title": "Lecturer"}
{"url": "https://www.cdm.depaul.edu/Faculty-and-Staff/Pages/faculty-info.aspx?fid=432", "dept": "CDM", "name": "Joseph Linhoff", "imgurl": "https://odata.cdm.depaul.edu/Cdm.svc/CdmEmployeePictures(621808)/MediumPicture/$value", "title": "Lecturer"}
{"url": "https://www.cdm.depaul.edu/Faculty-and-Staff/Pages/faculty-info.aspx?fid=1287", "dept": "SCA", "name": "Amy Lockhart", "imgurl": "https://odata.cdm.depaul.edu/Cdm.svc/CdmEmployeePictures(1068424)/MediumPicture/$value", "title": "Assistant Professor"}
{"url": "https://www.cdm.depaul.edu/Faculty-and-Staff/Pages/faculty-info.aspx?fid=1297", "dept": "CDM", "name": "Robert Lockhart", "imgurl": "https://odata.cdm.depaul.edu/Cdm.svc/CdmEmployeePictures(1084382)/MediumPicture/$value", "title": "Lecturer"}
{"url": "https://www.cdm.depaul.edu/Faculty-and-Staff/Pages/faculty-info.aspx?fid=473", "dept": "CDM", "name": "Rhoel Lomahan", "imgurl": "https://odata.cdm.depaul.edu/Cdm.svc/CdmEmployeePictures(1961)/MediumPicture/$value", "title": "Lecturer"}
{"url": "https://www.cdm.depaul.edu/Faculty-and-Staff/Pages/faculty-info.aspx?fid=185", "dept": "CDM", "name": "Thomas Long", "imgurl": "https://odata.cdm.depaul.edu/Cdm.svc/CdmEmployeePictures(297918)/MediumPicture/$value", "title": "Lecturer"}
{"url": "https://www.cdm.depaul.edu/Faculty-and-Staff/Pages/faculty-info.aspx?fid=425", "dept": "CDM", "name": "Matthew Luallen", "imgurl": "https://odata.cdm.depaul.edu/Cdm.svc/CdmEmployeePictures(469945)/MediumPicture/$value", "title": "Lecturer"}
{"url": "https://www.cdm.depaul.edu/Faculty-and-Staff/Pages/faculty-info.aspx?fid=362", "dept": "CDM", "name": "Winny Lucas", "imgurl": "https://odata.cdm.depaul.edu/Cdm.svc/CdmEmployeePictures(2938)/MediumPicture/$value", "title": "Lecturer"}
{"url": "https://www.cdm.depaul.edu/Faculty-and-Staff/Pages/faculty-info.aspx?fid=219", "dept": "SoC", "name": "Evelyn Lulis", "imgurl": "https://odata.cdm.depaul.edu/Cdm.svc/CdmEmployeePictures(339484)/MediumPicture/$value", "title": "Associate Professor"}
{"url": "https://www.cdm.depaul.edu/Faculty-and-Staff/Pages/faculty-info.aspx?fid=618", "dept": "SoC", "name": "Steven Lytinen", "imgurl": "https://odata.cdm.depaul.edu/Cdm.svc/CdmEmployeePictures(298601)/MediumPicture/$value", "title": "Professor"}
{"url": "https://www.cdm.depaul.edu/Faculty-and-Staff/Pages/faculty-info.aspx?fid=350", "dept": "CDM", "name": "Ngan MacDonald", "imgurl": "https://odata.cdm.depaul.edu/Cdm.svc/CdmEmployeePictures(180004)/MediumPicture/$value", "title": "Lecturer"}
{"url": "https://www.cdm.depaul.edu/Faculty-and-Staff/Pages/faculty-info.aspx?fid=1236", "dept": "CDM", "name": "Lee Madsen", "imgurl": "https://odata.cdm.depaul.edu/Cdm.svc/CdmEmployeePictures(1017444)/MediumPicture/$value", "title": "Lecturer"}
{"url": "https://www.cdm.depaul.edu/Faculty-and-Staff/Pages/faculty-info.aspx?fid=1289", "dept": "CDM", "name": "Joseph Marcus", "imgurl": "https://odata.cdm.depaul.edu/Cdm.svc/CdmEmployeePictures(81898)/MediumPicture/$value", "title": "Lecturer"}
{"url": "https://www.cdm.depaul.edu/Faculty-and-Staff/Pages/faculty-info.aspx?fid=1207", "dept": "SoD", "name": "Jayson Margalus", "imgurl": "https://odata.cdm.depaul.edu/Cdm.svc/CdmEmployeePictures(717965)/MediumPicture/$value", "title": "Instructor"}
{"url": "https://www.cdm.depaul.edu/Faculty-and-Staff/Pages/faculty-info.aspx?fid=120", "dept": "SoC", "name": "Wilfredo Marrero", "imgurl": "https://odata.cdm.depaul.edu/Cdm.svc/CdmEmployeePictures(299878)/MediumPicture/$value", "title": "Associate Professor"}
{"url": "https://www.cdm.depaul.edu/Faculty-and-Staff/Pages/faculty-info.aspx?fid=472", "dept": "CDM", "name": "Matthew Marsden", "imgurl": "https://odata.cdm.depaul.edu/Cdm.svc/CdmEmployeePictures(121400)/MediumPicture/$value", "title": "Lecturer"}
{"url": "https://www.cdm.depaul.edu/Faculty-and-Staff/Pages/faculty-info.aspx?fid=1235", "dept": "CDM", "name": "Eric Marsh", "imgurl": "https://odata.cdm.depaul.edu/Cdm.svc/CdmEmployeePictures(455993)/MediumPicture/$value", "title": "Lecturer"}
{"url": "https://www.cdm.depaul.edu/Faculty-and-Staff/Pages/faculty-info.aspx?fid=548", "dept": "CDM", "name": "Todd Mattei", "imgurl": "https://odata.cdm.depaul.edu/Cdm.svc/CdmEmployeePictures(715520)/MediumPicture/$value", "title": "Lecturer"}
{"url": "https://www.cdm.depaul.edu/Faculty-and-Staff/Pages/faculty-info.aspx?fid=1187", "dept": "SoD", "name": "Nathan Matteson", "imgurl": "https://odata.cdm.depaul.edu/Cdm.svc/CdmEmployeePictures(935762)/MediumPicture/$value", "title": "Assistant Professor"}
{"url": "https://www.cdm.depaul.edu/Faculty-and-Staff/Pages/faculty-info.aspx?fid=1188", "dept": "CDM", "name": "Michael McCarthy", "imgurl": "https://odata.cdm.depaul.edu/Cdm.svc/CdmEmployeePictures(935838)/MediumPicture/$value", "title": "Lecturer"}
{"url": "https://www.cdm.depaul.edu/Faculty-and-Staff/Pages/faculty-info.aspx?fid=1162", "dept": "CDM", "name": "John McCash", "imgurl": "https://odata.cdm.depaul.edu/Cdm.svc/CdmEmployeePictures(902802)/MediumPicture/$value", "title": "Lecturer"}
{"url": "https://www.cdm.depaul.edu/Faculty-and-Staff/Pages/faculty-info.aspx?fid=643", "dept": "SoC", "name": "John McDonald", "imgurl": "https://odata.cdm.depaul.edu/Cdm.svc/CdmEmployeePictures(299516)/MediumPicture/$value", "title": "Associate Professor"}
{"url": "https://www.cdm.depaul.edu/Faculty-and-Staff/Pages/faculty-info.aspx?fid=641", "dept": "CDM", "name": "Laura McFall", "imgurl": "https://odata.cdm.depaul.edu/Cdm.svc/CdmEmployeePictures(299479)/MediumPicture/$value", "title": "Lecturer"}
{"url": "https://www.cdm.depaul.edu/Faculty-and-Staff/Pages/faculty-info.aspx?fid=1193", "dept": "CDM", "name": "Martha McGee", "imgurl": "https://odata.cdm.depaul.edu/Cdm.svc/CdmEmployeePictures(945928)/MediumPicture/$value", "title": "Lecturer"}
{"url": "https://www.cdm.depaul.edu/Faculty-and-Staff/Pages/faculty-info.aspx?fid=1327", "dept": "CDM", "name": "Laurel McGrath", "imgurl": "https://odata.cdm.depaul.edu/Cdm.svc/CdmEmployeePictures(263377)/MediumPicture/$value", "title": "Lecturer"}
{"url": "https://www.cdm.depaul.edu/Faculty-and-Staff/Pages/faculty-info.aspx?fid=1251", "dept": "CDM", "name": "Michael McGuire", "imgurl": "https://odata.cdm.depaul.edu/Cdm.svc/CdmEmployeePictures(470792)/MediumPicture/$value", "title": "Lecturer"}
{"url": "https://www.cdm.depaul.edu/Faculty-and-Staff/Pages/faculty-info.aspx?fid=1013", "dept": "CDM", "name": "Brian Mellen", "imgurl": "https://odata.cdm.depaul.edu/Cdm.svc/CdmEmployeePictures(107786)/MediumPicture/$value", "title": "Lecturer"}
{"url": "https://www.cdm.depaul.edu/Faculty-and-Staff/Pages/faculty-info.aspx?fid=631", "dept": "CDM", "name": "Yoseph Mendelsohn", "imgurl": "https://odata.cdm.depaul.edu/Cdm.svc/CdmEmployeePictures(208679)/MediumPicture/$value", "title": "Lecturer"}
{"url": "https://www.cdm.depaul.edu/Faculty-and-Staff/Pages/faculty-info.aspx?fid=596", "dept": "CDM", "name": "Marc Menet", "imgurl": "https://odata.cdm.depaul.edu/Cdm.svc/CdmEmployeePictures(743374)/MediumPicture/$value", "title": "Lecturer"}
{"url": "https://www.cdm.depaul.edu/Faculty-and-Staff/Pages/faculty-info.aspx?fid=1263", "dept": "SoC", "name": "Will Meyers", "imgurl": "https://odata.cdm.depaul.edu/Cdm.svc/CdmEmployeePictures(901585)/MediumPicture/$value", "title": "Instructor"}
{"url": "https://www.cdm.depaul.edu/Faculty-and-Staff/Pages/faculty-info.aspx?fid=1190", "dept": "CDM", "name": "Doug Miller", "imgurl": "https://odata.cdm.depaul.edu/Cdm.svc/CdmEmployeePictures(137501)/MediumPicture/$value", "title": "Lecturer"}
{"url": "https://www.cdm.depaul.edu/Faculty-and-Staff/Pages/faculty-info.aspx?fid=102", "dept": "SoC", "name": "Craig Miller", "imgurl": "https://odata.cdm.depaul.edu/Cdm.svc/CdmEmployeePictures(298082)/MediumPicture/$value", "title": "Associate Professor"}
{"url": "https://www.cdm.depaul.edu/Faculty-and-Staff/Pages/faculty-info.aspx?fid=639", "dept": "SoC", "name": "David Miller", "imgurl": "https://odata.cdm.depaul.edu/Cdm.svc/CdmEmployeePictures(298108)/MediumPicture/$value", "title": "Dean"}
{"url": "https://www.cdm.depaul.edu/Faculty-and-Staff/Pages/faculty-info.aspx?fid=1310", "dept": "CDM", "name": "Christin Mirabelli", "imgurl": "https://odata.cdm.depaul.edu/Cdm.svc/CdmEmployeePictures(68359)/MediumPicture/$value", "title": "Lecturer"}
{"url": "https://www.cdm.depaul.edu/Faculty-and-Staff/Pages/faculty-info.aspx?fid=1178", "dept": "CDM", "name": "Mehdi Mirakhorli", "imgurl": "https://odata.cdm.depaul.edu/Cdm.svc/CdmEmployeePictures(704158)/MediumPicture/$value", "title": "Lecturer"}
{"url": "https://www.cdm.depaul.edu/Faculty-and-Staff/Pages/faculty-info.aspx?fid=1222", "dept": "CDM", "name": "Zoaib Mirza", "imgurl": "https://odata.cdm.depaul.edu/Cdm.svc/CdmEmployeePictures(17034)/MediumPicture/$value", "title": "Lecturer"}
{"url": "https://www.cdm.depaul.edu/Faculty-and-Staff/Pages/faculty-info.aspx?fid=579", "dept": "CDM", "name": "Michael Mitchell", "imgurl": "https://odata.cdm.depaul.edu/Cdm.svc/CdmEmployeePictures(111469)/MediumPicture/$value", "title": "Lecturer"}
{"url": "https://www.cdm.depaul.edu/Faculty-and-Staff/Pages/faculty-info.aspx?fid=651", "dept": "Joint", "name": "Danny Mittleman", "imgurl": "https://odata.cdm.depaul.edu/Cdm.svc/CdmEmployeePictures(2132)/MediumPicture/$value", "title": "Associate Professor"}
{"url": "https://www.cdm.depaul.edu/Faculty-and-Staff/Pages/faculty-info.aspx?fid=653", "dept": "SoC", "name": "Bamshad Mobasher", "imgurl": "https://odata.cdm.depaul.edu/Cdm.svc/CdmEmployeePictures(299917)/MediumPicture/$value", "title": "Professor"}
{"url": "https://www.cdm.depaul.edu/Faculty-and-Staff/Pages/faculty-info.aspx?fid=481", "dept": "CDM", "name": "Angela Mobley", "imgurl": "https://odata.cdm.depaul.edu/Cdm.svc/CdmEmployeePictures(680350)/MediumPicture/$value", "title": "Lecturer"}
{"url": "https://www.cdm.depaul.edu/Faculty-and-Staff/Pages/faculty-info.aspx?fid=1238", "dept": "CDM", "name": "Robyn Moncrief", "imgurl": "https://odata.cdm.depaul.edu/Cdm.svc/CdmEmployeePictures(733057)/MediumPicture/$value", "title": "Lecturer"}
{"url": "https://www.cdm.depaul.edu/Faculty-and-Staff/Pages/faculty-info.aspx?fid=1294", "dept": "SoC", "name": "Enid Montague", "imgurl": "https://odata.cdm.depaul.edu/Cdm.svc/CdmEmployeePictures(1081187)/MediumPicture/$value", "title": "Associate Professor"}
{"url": "https://www.cdm.depaul.edu/Faculty-and-Staff/Pages/faculty-info.aspx?fid=1047", "dept": "CDM", "name": "Daniel Morgenthaler", "imgurl": "https://odata.cdm.depaul.edu/Cdm.svc/CdmEmployeePictures(337001)/MediumPicture/$value", "title": "Lecturer"}
{"url": "https://www.cdm.depaul.edu/Faculty-and-Staff/Pages/faculty-info.aspx?fid=1154", "dept": "CDM", "name": "Charles Mueller", "imgurl": "https://odata.cdm.depaul.edu/Cdm.svc/CdmEmployeePictures(17039)/MediumPicture/$value", "title": "Lecturer"}
{"url": "https://www.cdm.depaul.edu/Faculty-and-Staff/Pages/faculty-info.aspx?fid=171", "dept": "CDM", "name": "Dennis Mumaugh", "imgurl": "https://odata.cdm.depaul.edu/Cdm.svc/CdmEmployeePictures(317256)/MediumPicture/$value", "title": "Lecturer"}
{"url": "https://www.cdm.depaul.edu/Faculty-and-Staff/Pages/faculty-info.aspx?fid=678", "dept": "SoC", "name": "Thomas Muscarello", "imgurl": "https://odata.cdm.depaul.edu/Cdm.svc/CdmEmployeePictures(170515)/MediumPicture/$value", "title": "Lecturer"}
{"url": "https://www.cdm.depaul.edu/Faculty-and-Staff/Pages/faculty-info.aspx?fid=1183", "dept": "SoD", "name": "Denise Nacu", "imgurl": "https://odata.cdm.depaul.edu/Cdm.svc/CdmEmployeePictures(863342)/MediumPicture/$value", "title": "Professional Lecturer "}
{"url": "https://www.cdm.depaul.edu/Faculty-and-Staff/Pages/faculty-info.aspx?fid=107", "dept": "SoC", "name": "Makoto Nakayama", "imgurl": "https://odata.cdm.depaul.edu/Cdm.svc/CdmEmployeePictures(299982)/MediumPicture/$value", "title": "Associate Professor"}
{"url": "https://www.cdm.depaul.edu/Faculty-and-Staff/Pages/faculty-info.aspx?fid=1048", "dept": "CDM", "name": "Raphael Nash", "imgurl": "https://odata.cdm.depaul.edu/Cdm.svc/CdmEmployeePictures(831148)/MediumPicture/$value", "title": "Lecturer"}
{"url": "https://www.cdm.depaul.edu/Faculty-and-Staff/Pages/faculty-info.aspx?fid=1278", "dept": "CDM", "name": "Pradeep Nayar", "imgurl": "https://odata.cdm.depaul.edu/Cdm.svc/CdmEmployeePictures(780579)/MediumPicture/$value", "title": "Lecturer"}
{"url": "https://www.cdm.depaul.edu/Faculty-and-Staff/Pages/faculty-info.aspx?fid=493", "dept": "CDM", "name": "Nzingha Nommo", "imgurl": "https://odata.cdm.depaul.edu/Cdm.svc/CdmEmployeePictures(681314)/MediumPicture/$value", "title": "Lecturer"}
{"url": "https://www.cdm.depaul.edu/Faculty-and-Staff/Pages/faculty-info.aspx?fid=373", "dept": "SCA", "name": "Gary Novak", "imgurl": "https://odata.cdm.depaul.edu/Cdm.svc/CdmEmployeePictures(437427)/MediumPicture/$value", "title": "Assistant Professor"}
{"url": "https://www.cdm.depaul.edu/Faculty-and-Staff/Pages/faculty-info.aspx?fid=333", "dept": "CDM", "name": "James Nowotarski", "imgurl": "https://odata.cdm.depaul.edu/Cdm.svc/CdmEmployeePictures(409348)/MediumPicture/$value", "title": "Lecturer"}
{"url": "https://www.cdm.depaul.edu/Faculty-and-Staff/Pages/faculty-info.aspx?fid=1316", "dept": "CDM", "name": "Mark O'Connell", "imgurl": "https://odata.cdm.depaul.edu/Cdm.svc/CdmEmployeePictures(1087815)/MediumPicture/$value", "title": "Lecturer"}
{"url": "https://www.cdm.depaul.edu/Faculty-and-Staff/Pages/faculty-info.aspx?fid=1232", "dept": "CDM", "name": "Brian O'Donnell", "imgurl": "https://odata.cdm.depaul.edu/Cdm.svc/CdmEmployeePictures(132960)/MediumPicture/$value", "title": "Lecturer"}
{"url": "https://www.cdm.depaul.edu/Faculty-and-Staff/Pages/faculty-info.aspx?fid=1021", "dept": "CDM", "name": "Thomas O'Haver", "imgurl": "https://odata.cdm.depaul.edu/Cdm.svc/CdmEmployeePictures(839009)/MediumPicture/$value", "title": "Lecturer"}
{"url": "https://www.cdm.depaul.edu/Faculty-and-Staff/Pages/faculty-info.aspx?fid=462", "dept": "CDM", "name": "Richard Omanson", "imgurl": "https://odata.cdm.depaul.edu/Cdm.svc/CdmEmployeePictures(117247)/MediumPicture/$value", "title": "Lecturer"}
{"url": "https://www.cdm.depaul.edu/Faculty-and-Staff/Pages/faculty-info.aspx?fid=795", "dept": "CDM", "name": "Mary Omelina", "imgurl": "https://odata.cdm.depaul.edu/Cdm.svc/CdmEmployeePictures(79335)/MediumPicture/$value", "title": "Lecturer"}
{"url": "https://www.cdm.depaul.edu/Faculty-and-Staff/Pages/faculty-info.aspx?fid=1213", "dept": "CDM", "name": "Michael Oren", "imgurl": "https://odata.cdm.depaul.edu/Cdm.svc/CdmEmployeePictures(603542)/MediumPicture/$value", "title": "Lecturer"}
{"url": "https://www.cdm.depaul.edu/Faculty-and-Staff/Pages/faculty-info.aspx?fid=1003", "dept": "CDM", "name": "Suruchi Pahwa", "imgurl": "https://odata.cdm.depaul.edu/Cdm.svc/CdmEmployeePictures(788857)/MediumPicture/$value", "title": "Lecturer"}
{"url": "https://www.cdm.depaul.edu/Faculty-and-Staff/Pages/faculty-info.aspx?fid=440", "dept": "CDM", "name": "Daniel Pal", "imgurl": "https://odata.cdm.depaul.edu/Cdm.svc/CdmEmployeePictures(101831)/MediumPicture/$value", "title": "Lecturer"}
{"url": "https://www.cdm.depaul.edu/Faculty-and-Staff/Pages/faculty-info.aspx?fid=1284", "dept": "CDM", "name": "Gajendra Pareek", "imgurl": "https://odata.cdm.depaul.edu/Cdm.svc/CdmEmployeePictures(1068105)/MediumPicture/$value", "title": "Lecturer"}
{"url": "https://www.cdm.depaul.edu/Faculty-and-Staff/Pages/faculty-info.aspx?fid=1000", "dept": "SCA", "name": "Savvas Paritsis", "imgurl": "https://odata.cdm.depaul.edu/Cdm.svc/CdmEmployeePictures(780415)/MediumPicture/$value", "title": "Assistant Professor"}
{"url": "https://www.cdm.depaul.edu/Faculty-and-Staff/Pages/faculty-info.aspx?fid=1218", "dept": "SCA", "name": "Christopher Parrish", "imgurl": "https://odata.cdm.depaul.edu/Cdm.svc/CdmEmployeePictures(978545)/MediumPicture/$value", "title": "Instructor"}
{"url": "https://www.cdm.depaul.edu/Faculty-and-Staff/Pages/faculty-info.aspx?fid=1260", "dept": "CDM", "name": "Ray Parthasarathy", "imgurl": "https://odata.cdm.depaul.edu/Cdm.svc/CdmEmployeePictures(894740)/MediumPicture/$value", "title": "Lecturer"}
{"url": "https://www.cdm.depaul.edu/Faculty-and-Staff/Pages/faculty-info.aspx?fid=1252", "dept": "CDM", "name": "Brian Pelsoh", "imgurl": "https://odata.cdm.depaul.edu/Cdm.svc/CdmEmployeePictures(1036259)/MediumPicture/$value", "title": "Lecturer"}
{"url": "https://www.cdm.depaul.edu/Faculty-and-Staff/Pages/faculty-info.aspx?fid=188", "dept": "SoC", "name": "Ljubomir Perkovic", "imgurl": "https://odata.cdm.depaul.edu/Cdm.svc/CdmEmployeePictures(300081)/MediumPicture/$value", "title": "Associate Professor"}
{"url": "https://www.cdm.depaul.edu/Faculty-and-Staff/Pages/faculty-info.aspx?fid=1156", "dept": "SCA", "name": "Timothy Peternel", "imgurl": "https://odata.cdm.depaul.edu/Cdm.svc/CdmEmployeePictures(897565)/MediumPicture/$value", "title": "Assistant Professor"}
{"url": "https://www.cdm.depaul.edu/Faculty-and-Staff/Pages/faculty-info.aspx?fid=1192", "dept": "CDM", "name": "Michael Peterson", "imgurl": "https://odata.cdm.depaul.edu/Cdm.svc/CdmEmployeePictures(912227)/MediumPicture/$value", "title": "Lecturer"}
{"url": "https://www.cdm.depaul.edu/Faculty-and-Staff/Pages/faculty-info.aspx?fid=1028", "dept": "CDM", "name": "Plamen Petrov", "imgurl": "https://odata.cdm.depaul.edu/Cdm.svc/CdmEmployeePictures(859798)/MediumPicture/$value", "title": "Lecturer"}
{"url": "https://www.cdm.depaul.edu/Faculty-and-Staff/Pages/faculty-info.aspx?fid=349", "dept": "CDM", "name": "Joseph Phillips", "imgurl": "https://odata.cdm.depaul.edu/Cdm.svc/CdmEmployeePictures(46928)/MediumPicture/$value", "title": "Lecturer"}
{"url": "https://www.cdm.depaul.edu/Faculty-and-Staff/Pages/faculty-info.aspx?fid=973", "dept": "SoD", "name": "Nichole Pinkard", "imgurl": "https://odata.cdm.depaul.edu/Cdm.svc/CdmEmployeePictures(749575)/MediumPicture/$value", "title": "Associate Professor"}
{"url": "https://www.cdm.depaul.edu/Faculty-and-Staff/Pages/faculty-info.aspx?fid=104", "dept": "SoC", "name": "Corin Pitcher", "imgurl": "https://odata.cdm.depaul.edu/Cdm.svc/CdmEmployeePictures(297693)/MediumPicture/$value", "title": "Associate Professor"}
{"url": "https://www.cdm.depaul.edu/Faculty-and-Staff/Pages/faculty-info.aspx?fid=1274", "dept": "CDM", "name": "Grant Powers", "imgurl": "https://odata.cdm.depaul.edu/Cdm.svc/CdmEmployeePictures(856256)/MediumPicture/$value", "title": "Lecturer"}
{"url": "https://www.cdm.depaul.edu/Faculty-and-Staff/Pages/faculty-info.aspx?fid=564", "dept": "SCA", "name": "John Psathas", "imgurl": "https://odata.cdm.depaul.edu/Cdm.svc/CdmEmployeePictures(91563)/MediumPicture/$value", "title": "Assistant Professor"}
{"url": "https://www.cdm.depaul.edu/Faculty-and-Staff/Pages/faculty-info.aspx?fid=1215", "dept": "CDM", "name": "Robert Puccinelli", "imgurl": "https://odata.cdm.depaul.edu/Cdm.svc/CdmEmployeePictures(189414)/MediumPicture/$value", "title": "Lecturer"}
{"url": "https://www.cdm.depaul.edu/Faculty-and-Staff/Pages/faculty-info.aspx?fid=1001", "dept": "SoC", "name": "Cynthia Putnam", "imgurl": "https://odata.cdm.depaul.edu/Cdm.svc/CdmEmployeePictures(779472)/MediumPicture/$value", "title": "Assistant Professor"}
{"url": "https://www.cdm.depaul.edu/Faculty-and-Staff/Pages/faculty-info.aspx?fid=1203", "dept": "CDM", "name": "William Qualls", "imgurl": "https://odata.cdm.depaul.edu/Cdm.svc/CdmEmployeePictures(168001)/MediumPicture/$value", "title": "Lecturer"}
{"url": "https://www.cdm.depaul.edu/Faculty-and-Staff/Pages/faculty-info.aspx?fid=542", "dept": "SCA", "name": "Matthew Quinn", "imgurl": "https://odata.cdm.depaul.edu/Cdm.svc/CdmEmployeePictures(706336)/MediumPicture/$value", "title": "Assistant Professor"}
{"url": "https://www.cdm.depaul.edu/Faculty-and-Staff/Pages/faculty-info.aspx?fid=1304", "dept": "SoD", "name": "Heather Quinn", "imgurl": "https://odata.cdm.depaul.edu/Cdm.svc/CdmEmployeePictures(1085731)/MediumPicture/$value", "title": "Professional Lecturer "}
{"url": "https://www.cdm.depaul.edu/Faculty-and-Staff/Pages/faculty-info.aspx?fid=1291", "dept": "CDM", "name": "Barbara Raidl", "imgurl": "https://odata.cdm.depaul.edu/Cdm.svc/CdmEmployeePictures(1084230)/MediumPicture/$value", "title": "Lecturer"}
{"url": "https://www.cdm.depaul.edu/Faculty-and-Staff/Pages/faculty-info.aspx?fid=1177", "dept": "SCA", "name": "Anu Rana", "imgurl": "https://odata.cdm.depaul.edu/Cdm.svc/CdmEmployeePictures(929444)/MediumPicture/$value", "title": "Professional Lecturer "}
{"url": "https://www.cdm.depaul.edu/Faculty-and-Staff/Pages/faculty-info.aspx?fid=1041", "dept": "SoC", "name": "Alexander Rasin", "imgurl": "https://odata.cdm.depaul.edu/Cdm.svc/CdmEmployeePictures(871323)/MediumPicture/$value", "title": "Assistant Professor"}
{"url": "https://www.cdm.depaul.edu/Faculty-and-Staff/Pages/faculty-info.aspx?fid=533", "dept": "CDM", "name": "Kumail Razvi", "imgurl": "https://odata.cdm.depaul.edu/Cdm.svc/CdmEmployeePictures(269467)/MediumPicture/$value", "title": "Lecturer"}
{"url": "https://www.cdm.depaul.edu/Faculty-and-Staff/Pages/faculty-info.aspx?fid=583", "dept": "CDM", "name": "Aaron Renier", "imgurl": "https://odata.cdm.depaul.edu/Cdm.svc/CdmEmployeePictures(737691)/MediumPicture/$value", "title": "Lecturer"}
{"url": "https://www.cdm.depaul.edu/Faculty-and-Staff/Pages/faculty-info.aspx?fid=1241", "dept": "CDM", "name": "B Rich", "imgurl": "https://odata.cdm.depaul.edu/Cdm.svc/CdmEmployeePictures(998568)/MediumPicture/$value", "title": "Lecturer"}
{"url": "https://www.cdm.depaul.edu/Faculty-and-Staff/Pages/faculty-info.aspx?fid=1170", "dept": "SCA", "name": "Brad Riddell", "imgurl": "https://odata.cdm.depaul.edu/Cdm.svc/CdmEmployeePictures(918553)/MediumPicture/$value", "title": "Assistant Professor"}
{"url": "https://www.cdm.depaul.edu/Faculty-and-Staff/Pages/faculty-info.aspx?fid=109", "dept": "SoC", "name": "James Riely", "imgurl": "https://odata.cdm.depaul.edu/Cdm.svc/CdmEmployeePictures(299671)/MediumPicture/$value", "title": "Professor"}
{"url": "https://www.cdm.depaul.edu/Faculty-and-Staff/Pages/faculty-info.aspx?fid=417", "dept": "SCA", "name": "Scott Roberts", "imgurl": "https://odata.cdm.depaul.edu/Cdm.svc/CdmEmployeePictures(594772)/MediumPicture/$value", "title": "Associate Professor"}
{"url": "https://www.cdm.depaul.edu/Faculty-and-Staff/Pages/faculty-info.aspx?fid=447", "dept": "CDM", "name": "Keiler Roberts", "imgurl": "https://odata.cdm.depaul.edu/Cdm.svc/CdmEmployeePictures(601267)/MediumPicture/$value", "title": "Lecturer"}
{"url": "https://www.cdm.depaul.edu/Faculty-and-Staff/Pages/faculty-info.aspx?fid=1273", "dept": "CDM", "name": "Joi Roberts", "imgurl": "https://odata.cdm.depaul.edu/Cdm.svc/CdmEmployeePictures(1059084)/MediumPicture/$value", "title": "Lecturer"}
{"url": "https://www.cdm.depaul.edu/Faculty-and-Staff/Pages/faculty-info.aspx?fid=987", "dept": "CDM", "name": "Andrew Roche", "imgurl": "https://odata.cdm.depaul.edu/Cdm.svc/CdmEmployeePictures(774136)/MediumPicture/$value", "title": "Lecturer"}
{"url": "https://www.cdm.depaul.edu/Faculty-and-Staff/Pages/faculty-info.aspx?fid=1182", "dept": "CDM", "name": "Richard Rodecker", "imgurl": "https://odata.cdm.depaul.edu/Cdm.svc/CdmEmployeePictures(934288)/MediumPicture/$value", "title": "Lecturer"}
{"url": "https://www.cdm.depaul.edu/Faculty-and-Staff/Pages/faculty-info.aspx?fid=572", "dept": "SCA", "name": "Wendy Roderweiss", "imgurl": "https://odata.cdm.depaul.edu/Cdm.svc/CdmEmployeePictures(241303)/MediumPicture/$value", "title": "Professional Lecturer "}
{"url": "https://www.cdm.depaul.edu/Faculty-and-Staff/Pages/faculty-info.aspx?fid=1253", "dept": "CDM", "name": "Erin Rodman", "imgurl": "https://odata.cdm.depaul.edu/Cdm.svc/CdmEmployeePictures(1036080)/MediumPicture/$value", "title": "Lecturer"}
{"url": "https://www.cdm.depaul.edu/Faculty-and-Staff/Pages/faculty-info.aspx?fid=800", "dept": "SoC", "name": "John Rogers", "imgurl": "https://odata.cdm.depaul.edu/Cdm.svc/CdmEmployeePictures(225925)/MediumPicture/$value", "title": "Associate Professor"}
{"url": "https://www.cdm.depaul.edu/Faculty-and-Staff/Pages/faculty-info.aspx?fid=1209", "dept": "CDM", "name": "Marci Rolnik", "imgurl": "https://odata.cdm.depaul.edu/Cdm.svc/CdmEmployeePictures(969000)/MediumPicture/$value", "title": "Lecturer"}
{"url": "https://www.cdm.depaul.edu/Faculty-and-Staff/Pages/faculty-info.aspx?fid=1039", "dept": "SoD", "name": "Doris Rusch", "imgurl": "https://odata.cdm.depaul.edu/Cdm.svc/CdmEmployeePictures(868031)/MediumPicture/$value", "title": "Assistant Professor"}
{"url": "https://www.cdm.depaul.edu/Faculty-and-Staff/Pages/faculty-info.aspx?fid=480", "dept": "CDM", "name": "Joshua Russell", "imgurl": "https://odata.cdm.depaul.edu/Cdm.svc/CdmEmployeePictures(680348)/MediumPicture/$value", "title": "Lecturer"}
{"url": "https://www.cdm.depaul.edu/Faculty-and-Staff/Pages/faculty-info.aspx?fid=119", "dept": "CDM", "name": "Lorilee Sadler", "imgurl": "https://odata.cdm.depaul.edu/Cdm.svc/CdmEmployeePictures(299766)/MediumPicture/$value", "title": "Lecturer"}
{"url": "https://www.cdm.depaul.edu/Faculty-and-Staff/Pages/faculty-info.aspx?fid=1325", "dept": "CDM", "name": "Rami Salahieh", "imgurl": "https://odata.cdm.depaul.edu/Cdm.svc/CdmEmployeePictures(1119311)/MediumPicture/$value", "title": "Lecturer"}
{"url": "https://www.cdm.depaul.edu/Faculty-and-Staff/Pages/faculty-info.aspx?fid=1275", "dept": "CDM", "name": "Jason Sandri", "imgurl": "https://odata.cdm.depaul.edu/Cdm.svc/CdmEmployeePictures(906693)/MediumPicture/$value", "title": "Lecturer"}
{"url": "https://www.cdm.depaul.edu/Faculty-and-Staff/Pages/faculty-info.aspx?fid=413", "dept": "CDM", "name": "Mary Sandy", "imgurl": "https://odata.cdm.depaul.edu/Cdm.svc/CdmEmployeePictures(231654)/MediumPicture/$value", "title": "Lecturer"}
{"url": "https://www.cdm.depaul.edu/Faculty-and-Staff/Pages/faculty-info.aspx?fid=101", "dept": "SoC", "name": "Marcus Schaefer", "imgurl": "https://odata.cdm.depaul.edu/Cdm.svc/CdmEmployeePictures(299338)/MediumPicture/$value", "title": "Professor"}
{"url": "https://www.cdm.depaul.edu/Faculty-and-Staff/Pages/faculty-info.aspx?fid=504", "dept": "CDM", "name": "Barbara Schaffer", "imgurl": "https://odata.cdm.depaul.edu/Cdm.svc/CdmEmployeePictures(213247)/MediumPicture/$value", "title": "Lecturer"}
{"url": "https://www.cdm.depaul.edu/Faculty-and-Staff/Pages/faculty-info.aspx?fid=1242", "dept": "CDM", "name": "Nick Schmidt", "imgurl": "https://odata.cdm.depaul.edu/Cdm.svc/CdmEmployeePictures(118333)/MediumPicture/$value", "title": "Lecturer"}
{"url": "https://www.cdm.depaul.edu/Faculty-and-Staff/Pages/faculty-info.aspx?fid=255", "dept": "CDM", "name": "Alan Schneider", "imgurl": "https://odata.cdm.depaul.edu/Cdm.svc/CdmEmployeePictures(361972)/MediumPicture/$value", "title": "Lecturer"}
{"url": "https://www.cdm.depaul.edu/Faculty-and-Staff/Pages/faculty-info.aspx?fid=1043", "dept": "SoD", "name": "Brian Schrank", "imgurl": "https://odata.cdm.depaul.edu/Cdm.svc/CdmEmployeePictures(875264)/MediumPicture/$value", "title": "Assistant Professor"}
{"url": "https://www.cdm.depaul.edu/Faculty-and-Staff/Pages/faculty-info.aspx?fid=385", "dept": "CDM", "name": "Martin Schray", "imgurl": "https://odata.cdm.depaul.edu/Cdm.svc/CdmEmployeePictures(531532)/MediumPicture/$value", "title": "Lecturer"}
{"url": "https://www.cdm.depaul.edu/Faculty-and-Staff/Pages/faculty-info.aspx?fid=553", "dept": "SCA", "name": "Heinz Schuller", "imgurl": "https://odata.cdm.depaul.edu/Cdm.svc/CdmEmployeePictures(715773)/MediumPicture/$value", "title": "Instructor"}
{"url": "https://www.cdm.depaul.edu/Faculty-and-Staff/Pages/faculty-info.aspx?fid=1313", "dept": "CDM", "name": "Robert Schumacher", "imgurl": "https://odata.cdm.depaul.edu/Cdm.svc/CdmEmployeePictures(1103659)/MediumPicture/$value", "title": "Lecturer"}
{"url": "https://www.cdm.depaul.edu/Faculty-and-Staff/Pages/faculty-info.aspx?fid=728", "dept": "SoC", "name": "Eric Schwabe", "imgurl": "https://odata.cdm.depaul.edu/Cdm.svc/CdmEmployeePictures(297802)/MediumPicture/$value", "title": "Associate Professor"}
{"url": "https://www.cdm.depaul.edu/Faculty-and-Staff/Pages/faculty-info.aspx?fid=1268", "dept": "CDM", "name": "Amy Schwartz", "imgurl": "https://odata.cdm.depaul.edu/Cdm.svc/CdmEmployeePictures(118967)/MediumPicture/$value", "title": "Lecturer"}
{"url": "https://www.cdm.depaul.edu/Faculty-and-Staff/Pages/faculty-info.aspx?fid=1309", "dept": "SoD", "name": "Bobby Schweizer", "imgurl": "https://odata.cdm.depaul.edu/Cdm.svc/CdmEmployeePictures(1086283)/MediumPicture/$value", "title": "Professional Lecturer "}
{"url": "https://www.cdm.depaul.edu/Faculty-and-Staff/Pages/faculty-info.aspx?fid=1189", "dept": "CDM", "name": "Devon Scott-Tunkin", "imgurl": "https://odata.cdm.depaul.edu/Cdm.svc/CdmEmployeePictures(699137)/MediumPicture/$value", "title": "Lecturer"}
{"url": "https://www.cdm.depaul.edu/Faculty-and-Staff/Pages/faculty-info.aspx?fid=121", "dept": "SoC", "name": "Eric Sedgwick", "imgurl": "https://odata.cdm.depaul.edu/Cdm.svc/CdmEmployeePictures(297813)/MediumPicture/$value", "title": "Associate Professor"}
{"url": "https://www.cdm.depaul.edu/Faculty-and-Staff/Pages/faculty-info.aspx?fid=269", "dept": "SoC", "name": "Raffaella Settimi-Woods", "imgurl": "https://odata.cdm.depaul.edu/Cdm.svc/CdmEmployeePictures(366053)/MediumPicture/$value", "title": "Associate Professor"}
{"url": "https://www.cdm.depaul.edu/Faculty-and-Staff/Pages/faculty-info.aspx?fid=768", "dept": "SoC", "name": "Amber Settle", "imgurl": "https://odata.cdm.depaul.edu/Cdm.svc/CdmEmployeePictures(299973)/MediumPicture/$value", "title": "Associate Professor"}
{"url": "https://www.cdm.depaul.edu/Faculty-and-Staff/Pages/faculty-info.aspx?fid=1298", "dept": "CDM", "name": "Alexander Sherman", "imgurl": "https://odata.cdm.depaul.edu/Cdm.svc/CdmEmployeePictures(121857)/MediumPicture/$value", "title": "Lecturer"}
{"url": "https://www.cdm.depaul.edu/Faculty-and-Staff/Pages/faculty-info.aspx?fid=1181", "dept": "CDM", "name": "David Sieren", "imgurl": "https://odata.cdm.depaul.edu/Cdm.svc/CdmEmployeePictures(934287)/MediumPicture/$value", "title": "Lecturer"}
{"url": "https://www.cdm.depaul.edu/Faculty-and-Staff/Pages/faculty-info.aspx?fid=1319", "dept": "CDM", "name": "Valerie Simonis", "imgurl": "https://odata.cdm.depaul.edu/Cdm.svc/CdmEmployeePictures(900456)/MediumPicture/$value", "title": "Lecturer"}
{"url": "https://www.cdm.depaul.edu/Faculty-and-Staff/Pages/faculty-info.aspx?fid=1031", "dept": "CDM", "name": "Azuolas Sinkevicius", "imgurl": "https://odata.cdm.depaul.edu/Cdm.svc/CdmEmployeePictures(153391)/MediumPicture/$value", "title": "Lecturer"}
{"url": "https://www.cdm.depaul.edu/Faculty-and-Staff/Pages/faculty-info.aspx?fid=757", "dept": "SoC", "name": "Paul Sisul", "imgurl": "https://odata.cdm.depaul.edu/Cdm.svc/CdmEmployeePictures(299791)/MediumPicture/$value", "title": "Senior Professional Lecturer"}
{"url": "https://www.cdm.depaul.edu/Faculty-and-Staff/Pages/faculty-info.aspx?fid=983", "dept": "CDM", "name": "Robert Sliga", "imgurl": "https://odata.cdm.depaul.edu/Cdm.svc/CdmEmployeePictures(772276)/MediumPicture/$value", "title": "Lecturer"}
{"url": "https://www.cdm.depaul.edu/Faculty-and-Staff/Pages/faculty-info.aspx?fid=1171", "dept": "SCA", "name": "Steve Socki", "imgurl": "https://odata.cdm.depaul.edu/Cdm.svc/CdmEmployeePictures(926557)/MediumPicture/$value", "title": "Assistant Professor"}
{"url": "https://www.cdm.depaul.edu/Faculty-and-Staff/Pages/faculty-info.aspx?fid=1040", "dept": "SCA", "name": "Jose Soto", "imgurl": "https://odata.cdm.depaul.edu/Cdm.svc/CdmEmployeePictures(783728)/MediumPicture/$value", "title": "Professional Lecturer "}
{"url": "https://www.cdm.depaul.edu/Faculty-and-Staff/Pages/faculty-info.aspx?fid=571", "dept": "SoC", "name": "Janine Spears", "imgurl": "https://odata.cdm.depaul.edu/Cdm.svc/CdmEmployeePictures(731191)/MediumPicture/$value", "title": "Assistant Professor"}
{"url": "https://www.cdm.depaul.edu/Faculty-and-Staff/Pages/faculty-info.aspx?fid=1200", "dept": "CDM", "name": "Sam Spicer", "imgurl": "https://odata.cdm.depaul.edu/Cdm.svc/CdmEmployeePictures(294042)/MediumPicture/$value", "title": "Lecturer"}
{"url": "https://www.cdm.depaul.edu/Faculty-and-Staff/Pages/faculty-info.aspx?fid=347", "dept": "SoC", "name": "Daniela Stan Raicu", "imgurl": "https://odata.cdm.depaul.edu/Cdm.svc/CdmEmployeePictures(425222)/MediumPicture/$value", "title": "Professor"}
{"url": "https://www.cdm.depaul.edu/Faculty-and-Staff/Pages/faculty-info.aspx?fid=1199", "dept": "CDM", "name": "Miranda Standberry-Wallace", "imgurl": "https://odata.cdm.depaul.edu/Cdm.svc/CdmEmployeePictures(1645)/MediumPicture/$value", "title": "Lecturer"}
{"url": "https://www.cdm.depaul.edu/Faculty-and-Staff/Pages/faculty-info.aspx?fid=458", "dept": "CDM", "name": "Daniel Stanford", "imgurl": "https://odata.cdm.depaul.edu/Cdm.svc/CdmEmployeePictures(90608)/MediumPicture/$value", "title": "Lecturer"}
{"url": "https://www.cdm.depaul.edu/Faculty-and-Staff/Pages/faculty-info.aspx?fid=1032", "dept": "SCA", "name": "Andrew Stasiulis", "imgurl": "https://odata.cdm.depaul.edu/Cdm.svc/CdmEmployeePictures(511206)/MediumPicture/$value", "title": "Instructor"}
{"url": "https://www.cdm.depaul.edu/Faculty-and-Staff/Pages/faculty-info.aspx?fid=441", "dept": "SCA", "name": "Robert Steel", "imgurl": "https://odata.cdm.depaul.edu/Cdm.svc/CdmEmployeePictures(472634)/MediumPicture/$value", "title": "Assistant Professor"}
{"url": "https://www.cdm.depaul.edu/Faculty-and-Staff/Pages/faculty-info.aspx?fid=148", "dept": "SoC", "name": "Adam Steele", "imgurl": "https://odata.cdm.depaul.edu/Cdm.svc/CdmEmployeePictures(298755)/MediumPicture/$value", "title": "Associate Professor"}
{"url": "https://www.cdm.depaul.edu/Faculty-and-Staff/Pages/faculty-info.aspx?fid=156", "dept": "SoC", "name": "Theresa Steinbach", "imgurl": "https://odata.cdm.depaul.edu/Cdm.svc/CdmEmployeePictures(200447)/MediumPicture/$value", "title": "Associate Professor"}
{"url": "https://www.cdm.depaul.edu/Faculty-and-Staff/Pages/faculty-info.aspx?fid=446", "dept": "SCA", "name": "Alexander Stewart", "imgurl": "https://odata.cdm.depaul.edu/Cdm.svc/CdmEmployeePictures(104536)/MediumPicture/$value", "title": "Associate Professor"}
{"url": "https://www.cdm.depaul.edu/Faculty-and-Staff/Pages/faculty-info.aspx?fid=532", "dept": "CDM", "name": "Dennis Stone", "imgurl": "https://odata.cdm.depaul.edu/Cdm.svc/CdmEmployeePictures(2577)/MediumPicture/$value", "title": "Lecturer"}
{"url": "https://www.cdm.depaul.edu/Faculty-and-Staff/Pages/faculty-info.aspx?fid=273", "dept": "SoC", "name": "Hank Streeter", "imgurl": "https://odata.cdm.depaul.edu/Cdm.svc/CdmEmployeePictures(360499)/MediumPicture/$value", "title": "Senior Professional Lecturer"}
{"url": "https://www.cdm.depaul.edu/Faculty-and-Staff/Pages/faculty-info.aspx?fid=1167", "dept": "CDM", "name": "Abdul Suleiman", "imgurl": "https://odata.cdm.depaul.edu/Cdm.svc/CdmEmployeePictures(296624)/MediumPicture/$value", "title": "Lecturer"}
{"url": "https://www.cdm.depaul.edu/Faculty-and-Staff/Pages/faculty-info.aspx?fid=484", "dept": "CDM", "name": "Steven Summers", "imgurl": "https://odata.cdm.depaul.edu/Cdm.svc/CdmEmployeePictures(680711)/MediumPicture/$value", "title": "Lecturer"}
{"url": "https://www.cdm.depaul.edu/Faculty-and-Staff/Pages/faculty-info.aspx?fid=100", "dept": "SoC", "name": "Norma Sutcliffe", "imgurl": "https://odata.cdm.depaul.edu/Cdm.svc/CdmEmployeePictures(299400)/MediumPicture/$value", "title": "Associate Professor"}
{"url": "https://www.cdm.depaul.edu/Faculty-and-Staff/Pages/faculty-info.aspx?fid=1007", "dept": "CDM", "name": "Mark Swanson", "imgurl": "https://odata.cdm.depaul.edu/Cdm.svc/CdmEmployeePictures(178279)/MediumPicture/$value", "title": "Lecturer"}
{"url": "https://www.cdm.depaul.edu/Faculty-and-Staff/Pages/faculty-info.aspx?fid=779", "dept": "CDM", "name": "Charles Sykes", "imgurl": "https://odata.cdm.depaul.edu/Cdm.svc/CdmEmployeePictures(278653)/MediumPicture/$value", "title": "Lecturer"}
{"url": "https://www.cdm.depaul.edu/Faculty-and-Staff/Pages/faculty-info.aspx?fid=502", "dept": "CDM", "name": "James Syrek", "imgurl": "https://odata.cdm.depaul.edu/Cdm.svc/CdmEmployeePictures(2631)/MediumPicture/$value", "title": "Lecturer"}
{"url": "https://www.cdm.depaul.edu/Faculty-and-Staff/Pages/faculty-info.aspx?fid=459", "dept": "CDM", "name": "James Taylor", "imgurl": "https://odata.cdm.depaul.edu/Cdm.svc/CdmEmployeePictures(646628)/MediumPicture/$value", "title": "Lecturer"}
{"url": "https://www.cdm.depaul.edu/Faculty-and-Staff/Pages/faculty-info.aspx?fid=1257", "dept": "CDM", "name": "Jennifer Thomas", "imgurl": "https://odata.cdm.depaul.edu/Cdm.svc/CdmEmployeePictures(1037356)/MediumPicture/$value", "title": "Lecturer"}
{"url": "https://www.cdm.depaul.edu/Faculty-and-Staff/Pages/faculty-info.aspx?fid=191", "dept": "CDM", "name": "Nedjla Tiouririne", "imgurl": "https://odata.cdm.depaul.edu/Cdm.svc/CdmEmployeePictures(316192)/MediumPicture/$value", "title": "Lecturer"}
{"url": "https://www.cdm.depaul.edu/Faculty-and-Staff/Pages/faculty-info.aspx?fid=776", "dept": "SoC", "name": "Noriko Tomuro", "imgurl": "https://odata.cdm.depaul.edu/Cdm.svc/CdmEmployeePictures(192586)/MediumPicture/$value", "title": "Associate Professor"}
{"url": "https://www.cdm.depaul.edu/Faculty-and-Staff/Pages/faculty-info.aspx?fid=460", "dept": "CDM", "name": "Paloma Trecka", "imgurl": "https://odata.cdm.depaul.edu/Cdm.svc/CdmEmployeePictures(116510)/MediumPicture/$value", "title": "Lecturer"}
{"url": "https://www.cdm.depaul.edu/Faculty-and-Staff/Pages/faculty-info.aspx?fid=499", "dept": "CDM", "name": "Selina Trepp", "imgurl": "https://odata.cdm.depaul.edu/Cdm.svc/CdmEmployeePictures(130768)/MediumPicture/$value", "title": "Lecturer"}
{"url": "https://www.cdm.depaul.edu/Faculty-and-Staff/Pages/faculty-info.aspx?fid=1155", "dept": "CDM", "name": "Peter Triantafillou", "imgurl": "https://odata.cdm.depaul.edu/Cdm.svc/CdmEmployeePictures(313673)/MediumPicture/$value", "title": "Lecturer"}
{"url": "https://www.cdm.depaul.edu/Faculty-and-Staff/Pages/faculty-info.aspx?fid=585", "dept": "CDM", "name": "Jeffrey Tudor", "imgurl": "https://odata.cdm.depaul.edu/Cdm.svc/CdmEmployeePictures(739651)/MediumPicture/$value", "title": "Lecturer"}
{"url": "https://www.cdm.depaul.edu/Faculty-and-Staff/Pages/faculty-info.aspx?fid=1293", "dept": "SoC", "name": "Duru Turkoglu", "imgurl": "https://odata.cdm.depaul.edu/Cdm.svc/CdmEmployeePictures(1078970)/MediumPicture/$value", "title": "Instructor"}
{"url": "https://www.cdm.depaul.edu/Faculty-and-Staff/Pages/faculty-info.aspx?fid=465", "dept": "SoD", "name": "Allen Turner", "imgurl": "https://odata.cdm.depaul.edu/Cdm.svc/CdmEmployeePictures(118649)/MediumPicture/$value", "title": "Professional Lecturer "}
{"url": "https://www.cdm.depaul.edu/Faculty-and-Staff/Pages/faculty-info.aspx?fid=1255", "dept": "CDM", "name": "Margarita Uk", "imgurl": "https://odata.cdm.depaul.edu/Cdm.svc/CdmEmployeePictures(115478)/MediumPicture/$value", "title": "Lecturer"}
{"url": "https://www.cdm.depaul.edu/Faculty-and-Staff/Pages/faculty-info.aspx?fid=569", "dept": "CDM", "name": "Jason Ulaszek", "imgurl": "https://odata.cdm.depaul.edu/Cdm.svc/CdmEmployeePictures(722057)/MediumPicture/$value", "title": "Lecturer"}
{"url": "https://www.cdm.depaul.edu/Faculty-and-Staff/Pages/faculty-info.aspx?fid=1299", "dept": "CDM", "name": "Dragos Visan", "imgurl": "https://odata.cdm.depaul.edu/Cdm.svc/CdmEmployeePictures(349856)/MediumPicture/$value", "title": "Lecturer"}
{"url": "https://www.cdm.depaul.edu/Faculty-and-Staff/Pages/faculty-info.aspx?fid=1217", "dept": "CDM", "name": "Kimberly Viviano", "imgurl": "https://odata.cdm.depaul.edu/Cdm.svc/CdmEmployeePictures(976739)/MediumPicture/$value", "title": "Lecturer"}
{"url": "https://www.cdm.depaul.edu/Faculty-and-Staff/Pages/faculty-info.aspx?fid=1281", "dept": "CDM", "name": "Jennifer Volvovski", "imgurl": "https://odata.cdm.depaul.edu/Cdm.svc/CdmEmployeePictures(1067666)/MediumPicture/$value", "title": "Lecturer"}
{"url": "https://www.cdm.depaul.edu/Faculty-and-Staff/Pages/faculty-info.aspx?fid=985", "dept": "CDM", "name": "Aren Voorhees", "imgurl": "https://odata.cdm.depaul.edu/Cdm.svc/CdmEmployeePictures(772433)/MediumPicture/$value", "title": "Lecturer"}
{"url": "https://www.cdm.depaul.edu/Faculty-and-Staff/Pages/faculty-info.aspx?fid=1267", "dept": "SoD", "name": "LeAnne Wagner", "imgurl": "https://odata.cdm.depaul.edu/Cdm.svc/CdmEmployeePictures(1037705)/MediumPicture/$value", "title": "Professional Lecturer "}
{"url": "https://www.cdm.depaul.edu/Faculty-and-Staff/Pages/faculty-info.aspx?fid=1220", "dept": "CDM", "name": "Katherine Walker", "imgurl": "https://odata.cdm.depaul.edu/Cdm.svc/CdmEmployeePictures(978580)/MediumPicture/$value", "title": "Lecturer"}
{"url": "https://www.cdm.depaul.edu/Faculty-and-Staff/Pages/faculty-info.aspx?fid=1022", "dept": "CDM", "name": "Louella Ward", "imgurl": "https://odata.cdm.depaul.edu/Cdm.svc/CdmEmployeePictures(847723)/MediumPicture/$value", "title": "Lecturer"}
{"url": "https://www.cdm.depaul.edu/Faculty-and-Staff/Pages/faculty-info.aspx?fid=1256", "dept": "CDM", "name": "Jim Weatherhead", "imgurl": "https://odata.cdm.depaul.edu/Cdm.svc/CdmEmployeePictures(443558)/MediumPicture/$value", "title": "Lecturer"}
{"url": "https://www.cdm.depaul.edu/Faculty-and-Staff/Pages/faculty-info.aspx?fid=1248", "dept": "CDM", "name": "Beth Weaver", "imgurl": "https://odata.cdm.depaul.edu/Cdm.svc/CdmEmployeePictures(1031290)/MediumPicture/$value", "title": "Lecturer"}
{"url": "https://www.cdm.depaul.edu/Faculty-and-Staff/Pages/faculty-info.aspx?fid=1184", "dept": "CDM", "name": "Ryan Wiemeyer", "imgurl": "https://odata.cdm.depaul.edu/Cdm.svc/CdmEmployeePictures(520202)/MediumPicture/$value", "title": "Lecturer"}
{"url": "https://www.cdm.depaul.edu/Faculty-and-Staff/Pages/faculty-info.aspx?fid=1014", "dept": "SoD", "name": "Dolores Wilber", "imgurl": "https://odata.cdm.depaul.edu/Cdm.svc/CdmEmployeePictures(298494)/MediumPicture/$value", "title": "Professor"}
{"url": "https://www.cdm.depaul.edu/Faculty-and-Staff/Pages/faculty-info.aspx?fid=1285", "dept": "CDM", "name": "April Wilkins", "imgurl": "https://odata.cdm.depaul.edu/Cdm.svc/CdmEmployeePictures(1068124)/MediumPicture/$value", "title": "Lecturer"}
{"url": "https://www.cdm.depaul.edu/Faculty-and-Staff/Pages/faculty-info.aspx?fid=598", "dept": "CDM", "name": "Johnny Wilson", "imgurl": "https://odata.cdm.depaul.edu/Cdm.svc/CdmEmployeePictures(743375)/MediumPicture/$value", "title": "Lecturer"}
{"url": "https://www.cdm.depaul.edu/Faculty-and-Staff/Pages/faculty-info.aspx?fid=974", "dept": "CDM", "name": "Patrick Wimp", "imgurl": "https://odata.cdm.depaul.edu/Cdm.svc/CdmEmployeePictures(431361)/MediumPicture/$value", "title": "Lecturer"}
{"url": "https://www.cdm.depaul.edu/Faculty-and-Staff/Pages/faculty-info.aspx?fid=946", "dept": "SoC", "name": "Rosalee Wolfe", "imgurl": "https://odata.cdm.depaul.edu/Cdm.svc/CdmEmployeePictures(298179)/MediumPicture/$value", "title": "Professor"}
{"url": "https://www.cdm.depaul.edu/Faculty-and-Staff/Pages/faculty-info.aspx?fid=1302", "dept": "CDM", "name": "Josh Wolff", "imgurl": "https://odata.cdm.depaul.edu/Cdm.svc/CdmEmployeePictures(744481)/MediumPicture/$value", "title": "Lecturer"}
{"url": "https://www.cdm.depaul.edu/Faculty-and-Staff/Pages/faculty-info.aspx?fid=1206", "dept": "CDM", "name": "David Wolinsky", "imgurl": "https://odata.cdm.depaul.edu/Cdm.svc/CdmEmployeePictures(968926)/MediumPicture/$value", "title": "Lecturer"}
{"url": "https://www.cdm.depaul.edu/Faculty-and-Staff/Pages/faculty-info.aspx?fid=240", "dept": "CDM", "name": "Ken Yu", "imgurl": "https://odata.cdm.depaul.edu/Cdm.svc/CdmEmployeePictures(273369)/MediumPicture/$value", "title": "Lecturer"}
{"url": "https://www.cdm.depaul.edu/Faculty-and-Staff/Pages/faculty-info.aspx?fid=344", "dept": "SoC", "name": "James Yu", "imgurl": "https://odata.cdm.depaul.edu/Cdm.svc/CdmEmployeePictures(421385)/MediumPicture/$value", "title": "Associate Professor"}
{"url": "https://www.cdm.depaul.edu/Faculty-and-Staff/Pages/faculty-info.aspx?fid=1045", "dept": "CDM", "name": "Steven Zacharias", "imgurl": "https://odata.cdm.depaul.edu/Cdm.svc/CdmEmployeePictures(877973)/MediumPicture/$value", "title": "Lecturer"}
{"url": "https://www.cdm.depaul.edu/Faculty-and-Staff/Pages/faculty-info.aspx?fid=1266", "dept": "SCA", "name": "Brian Zahm", "imgurl": "https://odata.cdm.depaul.edu/Cdm.svc/CdmEmployeePictures(1037703)/MediumPicture/$value", "title": "Professional Lecturer "}
{"url": "https://www.cdm.depaul.edu/Faculty-and-Staff/Pages/faculty-info.aspx?fid=518", "dept": "SCA", "name": "Jonah Zeiger", "imgurl": "https://odata.cdm.depaul.edu/Cdm.svc/CdmEmployeePictures(697579)/MediumPicture/$value", "title": "Assistant Professor"}
{"url": "https://www.cdm.depaul.edu/Faculty-and-Staff/Pages/faculty-info.aspx?fid=1307", "dept": "SoD", "name": "Lee Zelenak", "imgurl": "https://odata.cdm.depaul.edu/Cdm.svc/CdmEmployeePictures(93423)/MediumPicture/$value", "title": "Professional Lecturer "}
{"url": "https://www.cdm.depaul.edu/Faculty-and-Staff/Pages/faculty-info.aspx?fid=911", "dept": "CDM", "name": "Chonghua Zhang", "imgurl": "https://odata.cdm.depaul.edu/Cdm.svc/CdmEmployeePictures(188776)/MediumPicture/$value", "title": "Adjunct Professor"}
{"url": "https://www.cdm.depaul.edu/Faculty-and-Staff/Pages/faculty-info.aspx?fid=398", "dept": "SCA", "name": "JoAnne Zielinski", "imgurl": "https://odata.cdm.depaul.edu/Cdm.svc/CdmEmployeePictures(366236)/MediumPicture/$value", "title": "Associate Dean"}
{"url": "https://www.cdm.depaul.edu/Faculty-and-Staff/Pages/faculty-info.aspx?fid=971", "dept": "CDM", "name": "Anthony Zoko", "imgurl": "https://odata.cdm.depaul.edu/Cdm.svc/CdmEmployeePictures(1918)/MediumPicture/$value", "title": "Lecturer"}
